"Fecha","Último","Apertura","Máximo","Mínimo","Vol.","% var."
"31.05.2021","10.100,0","10.200,0","10.200,0","10.100,0","23,15K","-1,66%"
"28.05.2021","10.270,0","9.775,0","10.270,0","9.500,0","534,35K","14,11%"
"27.05.2021","9.000,0","10.190,0","10.200,0","9.000,0","1,00M","-9,18%"
"26.05.2021","9.910,0","9.950,0","10.000,0","9.795,0","181,57K","-0,05%"
"25.05.2021","9.915,0","10.380,0","10.380,0","9.900,0","188,75K","-4,48%"
"24.05.2021","10.380,0","10.500,0","10.500,0","10.380,0","46,52K","-3,71%"
"21.05.2021","10.780,0","11.000,0","11.010,0","10.720,0","337,56K","-1,82%"
"20.05.2021","10.980,0","10.500,0","10.980,0","10.000,0","452,07K","2,62%"
"19.05.2021","10.700,0","10.850,0","10.900,0","10.660,0","52,75K","-2,73%"
"18.05.2021","11.000,0","11.200,0","11.220,0","11.000,0","57,02K","-2,48%"
"14.05.2021","11.280,0","11.360,0","11.360,0","11.200,0","89,23K","2,08%"
"13.05.2021","11.050,0","11.110,0","11.130,0","11.050,0","56,39K","-0,99%"
"12.05.2021","11.160,0","11.260,0","11.330,0","11.050,0","239,45K","-2,11%"
"11.05.2021","11.400,0","11.400,0","11.800,0","11.360,0","259,45K","-3,39%"
"10.05.2021","11.800,0","11.480,0","11.800,0","11.380,0","304,14K","4,42%"
"07.05.2021","11.300,0","10.880,0","11.300,0","10.880,0","184,62K","6,60%"
"06.05.2021","10.600,0","10.400,0","10.800,0","10.120,0","242,99K","4,02%"
"05.05.2021","10.190,0","10.300,0","10.300,0","10.140,0","89,72K","1,70%"
"04.05.2021","10.020,0","10.000,0","10.200,0","9.700,0","199,62K","0,91%"
"03.05.2021","9.930,0","10.500,0","10.690,0","9.900,0","164,95K","-6,23%"
"30.04.2021","10.590,0","10.810,0","10.970,0","10.500,0","190,87K","-2,04%"
"29.04.2021","10.810,0","11.190,0","11.190,0","10.810,0","66,39K","-2,08%"
"28.04.2021","11.040,0","11.000,0","11.090,0","10.750,0","483,63K","1,28%"
"27.04.2021","10.900,0","11.000,0","11.150,0","10.900,0","209,02K","-0,91%"
"26.04.2021","11.000,0","11.000,0","11.330,0","11.000,0","223,59K","-2,48%"
"23.04.2021","11.280,0","11.340,0","11.340,0","11.280,0","16,29K","-0,62%"
"22.04.2021","11.350,0","11.360,0","11.400,0","11.310,0","175,10K","-0,44%"
"21.04.2021","11.400,0","11.430,0","11.480,0","11.300,0","16,36K","-0,26%"
"20.04.2021","11.430,0","11.400,0","11.500,0","11.300,0","558,33K","0,62%"
"19.04.2021","11.360,0","11.520,0","11.520,0","11.300,0","208,51K","-1,39%"
"16.04.2021","11.520,0","11.550,0","11.550,0","11.430,0","71,15K","1,05%"
"15.04.2021","11.400,0","11.500,0","11.500,0","11.400,0","50,00K","-0,87%"
"14.04.2021","11.500,0","11.520,0","11.640,0","11.400,0","122,36K","0,00%"
"13.04.2021","11.500,0","11.940,0","11.940,0","11.470,0","109,13K","-0,61%"
"12.04.2021","11.570,0","11.700,0","11.700,0","11.520,0","81,97K","-1,11%"
"09.04.2021","11.700,0","11.690,0","12.040,0","11.690,0","52,40K","-1,52%"
"08.04.2021","11.880,0","12.000,0","12.000,0","11.850,0","59,53K","-1,00%"
"07.04.2021","12.000,0","12.080,0","12.190,0","11.940,0","162,04K","-0,08%"
"06.04.2021","12.010,0","11.700,0","12.090,0","11.700,0","168,31K","1,95%"
"05.04.2021","11.780,0","11.890,0","11.890,0","11.510,0","125,62K","0,00%"
"31.03.2021","11.780,0","11.650,0","11.980,0","11.610,0","146,81K","-0,59%"
"30.03.2021","11.850,0","11.520,0","11.860,0","11.400,0","133,53K","2,24%"
"29.03.2021","11.590,0","11.450,0","11.590,0","11.450,0","36,02K","0,17%"
"26.03.2021","11.570,0","11.780,0","11.790,0","11.310,0","90,85K","-0,26%"
"25.03.2021","11.600,0","11.520,0","11.770,0","11.490,0","89,37K","-0,43%"
"24.03.2021","11.650,0","11.570,0","11.650,0","11.470,0","520,99K","1,39%"
"23.03.2021","11.490,0","11.350,0","11.900,0","11.350,0","120,93K","0,79%"
"19.03.2021","11.400,0","11.900,0","11.900,0","11.400,0","1,61M","-4,20%"
"18.03.2021","11.900,0","12.600,0","12.600,0","11.900,0","92,10K","-2,78%"
"17.03.2021","12.240,0","12.360,0","12.360,0","12.200,0","61,43K","-1,29%"
"16.03.2021","12.400,0","12.380,0","12.760,0","12.250,0","96,30K","-0,80%"
"15.03.2021","12.500,0","12.820,0","12.820,0","12.480,0","50,66K","-2,65%"
"12.03.2021","12.840,0","12.710,0","12.980,0","12.700,0","29,35K","-0,77%"
"11.03.2021","12.940,0","12.780,0","12.940,0","12.700,0","19,28K","1,25%"
"10.03.2021","12.780,0","12.450,0","12.780,0","12.450,0","46,78K","1,59%"
"09.03.2021","12.580,0","12.430,0","12.580,0","12.310,0","273,33K","1,21%"
"08.03.2021","12.430,0","12.210,0","12.450,0","12.200,0","56,01K","0,24%"
"05.03.2021","12.400,0","12.500,0","12.500,0","12.000,0","191,75K","-0,80%"
"04.03.2021","12.500,0","12.790,0","12.790,0","12.450,0","43,20K","-2,27%"
"03.03.2021","12.790,0","12.760,0","12.880,0","12.700,0","201,53K","-1,62%"
"02.03.2021","13.000,0","12.870,0","13.000,0","12.700,0","93,94K","-0,46%"
"01.03.2021","13.060,0","12.900,0","13.130,0","12.900,0","69,35K","-1,80%"
"26.02.2021","13.300,0","12.800,0","13.300,0","12.500,0","128,20K","4,07%"
"25.02.2021","12.780,0","12.890,0","12.890,0","12.700,0","86,48K","-0,78%"
"24.02.2021","12.880,0","12.990,0","12.990,0","12.740,0","257,91K","0,78%"
"23.02.2021","12.780,0","12.700,0","12.800,0","12.600,0","186,54K","-0,47%"
"22.02.2021","12.840,0","12.610,0","12.840,0","12.500,0","161,53K","1,58%"
"19.02.2021","12.640,0","13.080,0","13.100,0","12.640,0","134,77K","-1,48%"
"18.02.2021","12.830,0","13.000,0","13.090,0","12.820,0","104,31K","-1,53%"
"17.02.2021","13.030,0","13.200,0","13.200,0","13.000,0","82,88K","-0,61%"
"16.02.2021","13.110,0","13.220,0","13.220,0","13.000,0","307,80K","-0,30%"
"15.02.2021","13.150,0","13.340,0","13.350,0","13.150,0","33,29K","-0,98%"
"12.02.2021","13.280,0","13.100,0","13.300,0","13.010,0","109,65K","1,45%"
"11.02.2021","13.090,0","13.140,0","13.240,0","13.040,0","72,72K","-0,46%"
"10.02.2021","13.150,0","13.450,0","13.450,0","13.130,0","146,10K","-0,98%"
"09.02.2021","13.280,0","13.380,0","13.610,0","13.270,0","263,70K","-0,15%"
"08.02.2021","13.300,0","13.300,0","13.400,0","13.270,0","223,11K","0,68%"
"05.02.2021","13.210,0","13.370,0","13.400,0","13.210,0","59,43K","-0,23%"
"04.02.2021","13.240,0","13.350,0","13.350,0","13.200,0","118,25K","-1,34%"
"03.02.2021","13.420,0","13.500,0","13.670,0","13.380,0","188,64K","-1,03%"
"02.02.2021","13.560,0","13.250,0","13.560,0","13.200,0","268,05K","4,23%"
"01.02.2021","13.010,0","13.660,0","13.660,0","12.510,0","491,02K","-2,18%"
"29.01.2021","13.300,0","13.740,0","13.740,0","13.270,0","524,04K","-3,20%"
"28.01.2021","13.740,0","13.460,0","13.740,0","13.400,0","68,16K","1,25%"
"27.01.2021","13.570,0","13.380,0","13.780,0","13.360,0","202,77K","0,07%"
"26.01.2021","13.560,0","13.820,0","13.860,0","13.560,0","70,97K","-1,38%"
"25.01.2021","13.750,0","13.800,0","13.900,0","13.530,0","85,01K","-1,08%"
"22.01.2021","13.900,0","13.830,0","13.950,0","13.760,0","107,75K","0,51%"
"21.01.2021","13.830,0","13.950,0","13.980,0","13.700,0","131,25K","-0,50%"
"20.01.2021","13.900,0","13.960,0","13.960,0","13.840,0","129,73K","-0,43%"
"19.01.2021","13.960,0","14.000,0","14.000,0","13.840,0","46,56K","0,43%"
"18.01.2021","13.900,0","13.670,0","13.900,0","13.670,0","117,28K","-0,71%"
"15.01.2021","14.000,0","14.100,0","14.100,0","13.800,0","108,78K","0,00%"
"14.01.2021","14.000,0","13.610,0","14.000,0","13.600,0","156,94K","1,97%"
"13.01.2021","13.730,0","13.920,0","14.000,0","13.730,0","187,80K","-1,36%"
"12.01.2021","13.920,0","13.870,0","13.950,0","13.830,0","130,89K","0,87%"
"08.01.2021","13.800,0","13.740,0","13.800,0","13.430,0","115,94K","2,76%"
"07.01.2021","13.430,0","14.120,0","14.250,0","13.410,0","313,10K","-4,82%"
"06.01.2021","14.110,0","13.900,0","14.220,0","13.900,0","124,02K","1,51%"
"05.01.2021","13.900,0","13.600,0","13.990,0","13.600,0","99,42K","-0,64%"
"04.01.2021","13.990,0","13.930,0","13.990,0","13.600,0","55,41K","0,65%"
"30.12.2020","13.900,0","14.500,0","14.500,0","13.900,0","185,65K","-4,14%"
"29.12.2020","14.500,0","14.350,0","14.500,0","14.280,0","146,21K","2,98%"
"28.12.2020","14.080,0","13.600,0","14.080,0","13.600,0","143,80K","2,18%"
"23.12.2020","13.780,0","13.450,0","13.900,0","13.450,0","85,58K","2,53%"
"22.12.2020","13.440,0","13.500,0","13.640,0","13.440,0","74,87K","1,20%"
"21.12.2020","13.280,0","14.020,0","14.020,0","12.900,0","245,73K","-5,35%"
"18.12.2020","14.030,0","13.920,0","14.350,0","13.920,0","286,13K","-2,50%"
"17.12.2020","14.390,0","14.100,0","14.390,0","14.100,0","351,09K","2,42%"
"16.12.2020","14.050,0","13.700,0","14.090,0","13.700,0","703,08K","2,48%"
"15.12.2020","13.710,0","13.100,0","13.860,0","13.000,0","308,16K","-0,22%"
"14.12.2020","13.740,0","13.420,0","13.740,0","13.300,0","226,87K","3,31%"
"11.12.2020","13.300,0","12.750,0","13.300,0","12.680,0","183,32K","2,31%"
"10.12.2020","13.000,0","13.600,0","13.970,0","13.000,0","274,10K","-3,13%"
"09.12.2020","13.420,0","13.360,0","13.580,0","13.130,0","219,47K","1,67%"
"07.12.2020","13.200,0","12.800,0","13.770,0","12.800,0","407,45K","1,54%"
"04.12.2020","13.000,0","12.420,0","13.280,0","12.420,0","483,63K","4,84%"
"03.12.2020","12.400,0","12.080,0","12.400,0","12.080,0","249,09K","1,64%"
"02.12.2020","12.200,0","12.250,0","12.410,0","12.200,0","336,86K","-1,77%"
"01.12.2020","12.420,0","12.200,0","12.430,0","12.120,0","139,22K","3,50%"
"30.11.2020","12.000,0","12.080,0","12.080,0","11.900,0","283,87K","-0,50%"
"27.11.2020","12.060,0","12.320,0","12.320,0","12.060,0","109,37K","-1,95%"
"26.11.2020","12.300,0","12.300,0","12.300,0","12.120,0","13,34K","0,00%"
"25.11.2020","12.300,0","12.250,0","12.300,0","12.140,0","171,57K","0,08%"
"24.11.2020","12.290,0","12.100,0","12.300,0","12.100,0","514,22K","1,65%"
"23.11.2020","12.090,0","11.980,0","12.090,0","11.920,0","77,78K","1,60%"
"20.11.2020","11.900,0","11.800,0","11.900,0","11.780,0","244,60K","0,34%"
"19.11.2020","11.860,0","11.810,0","11.870,0","11.800,0","281,13K","-0,34%"
"18.11.2020","11.900,0","11.640,0","12.100,0","11.640,0","1,02M","0,85%"
"17.11.2020","11.800,0","11.470,0","11.800,0","11.200,0","136,51K","2,97%"
"13.11.2020","11.460,0","11.300,0","11.640,0","11.200,0","105,98K","-1,21%"
"12.11.2020","11.600,0","11.610,0","11.680,0","11.570,0","314,23K","-0,85%"
"11.11.2020","11.700,0","11.770,0","11.820,0","11.700,0","125,72K","0,78%"
"10.11.2020","11.610,0","11.800,0","11.800,0","11.570,0","77,39K","-1,61%"
"09.11.2020","11.800,0","11.400,0","12.120,0","11.400,0","259,89K","3,78%"
"06.11.2020","11.370,0","11.280,0","11.500,0","11.180,0","201,32K","1,16%"
"05.11.2020","11.240,0","11.030,0","11.240,0","11.030,0","110,28K","1,44%"
"04.11.2020","11.080,0","11.290,0","11.290,0","11.000,0","60,29K","2,40%"
"03.11.2020","10.820,0","10.600,0","11.200,0","10.600,0","85,15K","1,88%"
"30.10.2020","10.620,0","10.330,0","10.620,0","10.130,0","226,81K","4,02%"
"29.10.2020","10.210,0","9.800,0","10.300,0","9.505,0","130,77K","2,98%"
"28.10.2020","9.915,0","10.600,0","10.610,0","9.820,0","320,16K","-6,46%"
"27.10.2020","10.600,0","10.810,0","10.890,0","10.600,0","211,82K","-3,46%"
"26.10.2020","10.980,0","10.920,0","10.980,0","10.700,0","30,09K","0,55%"
"23.10.2020","10.920,0","10.910,0","10.920,0","10.910,0","3,73K","-0,64%"
"22.10.2020","10.990,0","10.880,0","10.990,0","10.880,0","19,62K","1,01%"
"21.10.2020","10.880,0","11.090,0","11.100,0","10.880,0","98,71K","-1,27%"
"20.10.2020","11.020,0","10.860,0","11.050,0","10.820,0","714,24K","1,94%"
"19.10.2020","10.810,0","11.040,0","11.090,0","10.810,0","147,64K","-1,28%"
"16.10.2020","10.950,0","10.860,0","10.950,0","10.770,0","101,53K","0,83%"
"15.10.2020","10.860,0","10.680,0","11.000,0","10.680,0","289,47K","-0,18%"
"14.10.2020","10.880,0","10.700,0","10.880,0","10.550,0","288,88K","1,49%"
"13.10.2020","10.720,0","11.140,0","11.140,0","10.720,0","105,74K","-4,29%"
"09.10.2020","11.200,0","11.210,0","11.210,0","11.100,0","98,84K","-0,09%"
"08.10.2020","11.210,0","11.330,0","11.330,0","11.180,0","47,70K","-0,09%"
"07.10.2020","11.220,0","11.410,0","11.410,0","11.090,0","249,05K","-1,58%"
"06.10.2020","11.400,0","11.520,0","11.540,0","11.290,0","74,84K","-1,38%"
"05.10.2020","11.560,0","11.560,0","11.660,0","11.440,0","74,72K","0,35%"
"02.10.2020","11.520,0","11.360,0","11.560,0","11.360,0","40,22K","-1,54%"
"01.10.2020","11.700,0","11.320,0","11.820,0","11.320,0","139,56K","0,86%"
"30.09.2020","11.600,0","11.200,0","11.600,0","11.180,0","265,16K","1,93%"
"29.09.2020","11.380,0","11.060,0","11.380,0","11.060,0","195,12K","1,07%"
"28.09.2020","11.260,0","11.360,0","11.500,0","11.200,0","104,19K","1,62%"
"25.09.2020","11.080,0","11.280,0","11.280,0","11.000,0","214,49K","-0,18%"
"24.09.2020","11.100,0","11.200,0","11.300,0","11.100,0","223,77K","-1,60%"
"23.09.2020","11.280,0","11.700,0","11.700,0","11.200,0","111,08K","-2,59%"
"22.09.2020","11.580,0","11.600,0","11.700,0","11.420,0","115,34K","0,70%"
"21.09.2020","11.500,0","11.640,0","11.640,0","11.440,0","109,68K","0,00%"
"18.09.2020","11.500,0","11.860,0","11.880,0","11.500,0","2,19M","-1,54%"
"17.09.2020","11.680,0","11.600,0","11.800,0","11.600,0","113,46K","0,17%"
"16.09.2020","11.660,0","11.660,0","11.820,0","11.600,0","433,79K","0,00%"
"15.09.2020","11.660,0","11.900,0","11.900,0","11.660,0","442,92K","-1,69%"
"14.09.2020","11.860,0","12.360,0","12.360,0","11.860,0","111,71K","-2,79%"
"11.09.2020","12.200,0","12.320,0","12.360,0","12.060,0","241,51K","-1,61%"
"10.09.2020","12.400,0","12.660,0","12.800,0","12.320,0","625,90K","-1,90%"
"09.09.2020","12.640,0","12.260,0","12.640,0","12.260,0","124,55K","3,44%"
"08.09.2020","12.220,0","12.200,0","12.300,0","12.080,0","94,42K","0,16%"
"07.09.2020","12.200,0","12.300,0","12.340,0","12.080,0","200,39K","-0,81%"
"04.09.2020","12.300,0","12.300,0","12.400,0","12.080,0","197,88K","0,99%"
"03.09.2020","12.180,0","12.420,0","12.660,0","12.000,0","384,81K","-1,77%"
"02.09.2020","12.400,0","12.520,0","12.800,0","12.080,0","558,35K","0,00%"
"01.09.2020","12.400,0","11.960,0","12.540,0","11.960,0","516,02K","4,03%"
"31.08.2020","11.920,0","11.820,0","11.980,0","11.720,0","136,11K","1,19%"
"28.08.2020","11.780,0","11.980,0","12.480,0","11.780,0","406,83K","-1,01%"
"27.08.2020","11.900,0","11.700,0","11.980,0","11.660,0","306,82K","0,68%"
"26.08.2020","11.820,0","11.940,0","12.100,0","11.820,0","534,12K","-0,34%"
"25.08.2020","11.860,0","11.360,0","11.880,0","11.360,0","342,39K","4,77%"
"24.08.2020","11.320,0","10.900,0","11.400,0","10.900,0","159,17K","3,10%"
"21.08.2020","10.980,0","10.840,0","11.060,0","10.840,0","579,98K","2,23%"
"20.08.2020","10.740,0","10.660,0","10.780,0","10.400,0","325,97K","0,75%"
"19.08.2020","10.660,0","10.520,0","10.720,0","10.520,0","207,39K","1,33%"
"18.08.2020","10.520,0","10.300,0","10.600,0","10.300,0","117,73K","2,53%"
"14.08.2020","10.260,0","10.400,0","10.400,0","10.240,0","56,51K","-1,35%"
"13.08.2020","10.400,0","10.260,0","10.400,0","10.260,0","116,75K","0,78%"
"12.08.2020","10.320,0","10.260,0","10.320,0","10.260,0","43,19K","0,39%"
"11.08.2020","10.280,0","10.240,0","10.480,0","10.220,0","93,28K","-0,19%"
"10.08.2020","10.300,0","10.420,0","10.420,0","10.280,0","42,03K","-0,58%"
"06.08.2020","10.360,0","10.360,0","10.500,0","10.360,0","112,83K","0,00%"
"05.08.2020","10.360,0","10.260,0","10.360,0","10.200,0","195,89K","1,57%"
"04.08.2020","10.200,0","10.400,0","10.400,0","10.200,0","80,07K","-1,54%"
"03.08.2020","10.360,0","10.380,0","10.460,0","10.300,0","295,41K","1,57%"
"31.07.2020","10.200,0","10.320,0","10.320,0","10.200,0","2,04M","-1,54%"
"30.07.2020","10.360,0","10.500,0","10.600,0","10.360,0","288,34K","-1,33%"
"29.07.2020","10.500,0","10.580,0","10.600,0","10.500,0","83,54K","-0,76%"
"28.07.2020","10.580,0","10.880,0","10.920,0","10.540,0","176,87K","-2,04%"
"27.07.2020","10.800,0","10.520,0","11.100,0","10.400,0","163,46K","-2,00%"
"24.07.2020","11.020,0","11.080,0","11.300,0","11.000,0","345,10K","-0,54%"
"23.07.2020","11.080,0","10.700,0","11.200,0","10.700,0","429,55K","2,97%"
"22.07.2020","10.760,0","10.800,0","10.800,0","10.640,0","261,45K","0,75%"
"21.07.2020","10.680,0","10.380,0","10.700,0","10.280,0","548,03K","3,89%"
"17.07.2020","10.280,0","10.300,0","10.360,0","10.220,0","104,53K","-0,39%"
"16.07.2020","10.320,0","10.060,0","10.320,0","10.060,0","154,61K","0,19%"
"15.07.2020","10.300,0","10.260,0","10.340,0","10.080,0","421,13K","0,59%"
"14.07.2020","10.240,0","10.300,0","10.360,0","10.200,0","215,67K","-1,54%"
"13.07.2020","10.400,0","10.280,0","10.400,0","10.260,0","149,20K","1,17%"
"10.07.2020","10.280,0","10.340,0","10.400,0","10.240,0","211,98K","-0,58%"
"09.07.2020","10.340,0","10.200,0","10.340,0","10.180,0","181,79K","0,39%"
"08.07.2020","10.300,0","10.300,0","10.360,0","10.240,0","190,86K","0,19%"
"07.07.2020","10.280,0","10.000,0","10.280,0","9.950,0","76,94K","1,38%"
"06.07.2020","10.140,0","9.880,0","10.140,0","9.800,0","228,71K","4,11%"
"03.07.2020","9.740,0","9.710,0","9.880,0","9.710,0","40,36K","-1,12%"
"02.07.2020","9.850,0","9.880,0","9.920,0","9.750,0","60,99K","1,03%"
"01.07.2020","9.750,0","9.990,0","9.990,0","9.700,0","153,90K","-1,52%"
"30.06.2020","9.900,0","10.060,0","10.100,0","9.900,0","46,02K","-0,60%"
"26.06.2020","9.960,0","9.960,0","10.100,0","9.940,0","145,87K","-0,30%"
"25.06.2020","9.990,0","9.900,0","10.100,0","9.900,0","205,79K","-1,09%"
"24.06.2020","10.100,0","10.200,0","10.200,0","9.800,0","151,32K","-0,79%"
"23.06.2020","10.180,0","10.000,0","10.600,0","10.000,0","764,10K","-6,26%"
"19.06.2020","10.860,0","9.950,0","10.860,0","9.750,0","4,41M","9,92%"
"18.06.2020","9.880,0","9.600,0","9.900,0","9.550,0","1,23M","0,82%"
"17.06.2020","9.800,0","9.600,0","9.950,0","9.580,0","822,89K","1,03%"
"16.06.2020","9.700,0","9.700,0","9.900,0","9.650,0","691,39K","1,68%"
"12.06.2020","9.540,0","9.340,0","9.640,0","9.300,0","593,31K","3,70%"
"11.06.2020","9.200,0","9.720,0","9.720,0","9.050,0","714,24K","-7,07%"
"10.06.2020","9.900,0","9.920,0","9.920,0","9.640,0","465,05K","1,02%"
"09.06.2020","9.800,0","10.080,0","10.080,0","9.550,0","1,36M","-3,16%"
"08.06.2020","10.120,0","9.830,0","10.380,0","9.830,0","1,03M","3,27%"
"05.06.2020","9.800,0","9.190,0","9.860,0","9.190,0","825,12K","6,99%"
"04.06.2020","9.160,0","9.060,0","9.160,0","8.800,0","1,14M","1,66%"
"03.06.2020","9.010,0","9.000,0","9.100,0","8.960,0","1,13M","0,56%"
"02.06.2020","8.960,0","9.000,0","9.150,0","8.900,0","485,59K","-0,44%"
"01.06.2020","9.000,0","8.700,0","9.070,0","8.700,0","2,34M","3,45%"
"29.05.2020","8.700,0","7.920,0","8.700,0","7.540,0","25,54M","9,99%"
"28.05.2020","7.910,0","8.210,0","8.300,0","7.910,0","1,22M","-2,59%"
"27.05.2020","8.120,0","8.290,0","8.300,0","8.120,0","381,61K","-1,69%"
"26.05.2020","8.260,0","8.300,0","8.330,0","8.120,0","302,09K","1,72%"
"22.05.2020","8.120,0","8.300,0","8.360,0","8.060,0","652,41K","-2,17%"
"21.05.2020","8.300,0","8.620,0","8.620,0","8.300,0","201,46K","-2,58%"
"20.05.2020","8.520,0","8.630,0","8.840,0","8.520,0","208,68K","-1,27%"
"19.05.2020","8.630,0","8.520,0","8.900,0","8.500,0","410,52K","0,35%"
"18.05.2020","8.600,0","8.800,0","8.800,0","8.440,0","476,91K","2,87%"
"15.05.2020","8.360,0","8.200,0","8.580,0","8.100,0","251,27K","1,33%"
"14.05.2020","8.250,0","8.120,0","8.250,0","7.900,0","392,57K","2,74%"
"13.05.2020","8.030,0","8.600,0","8.700,0","7.830,0","1,26M","-7,70%"
"12.05.2020","8.700,0","8.900,0","9.030,0","8.660,0","110,44K","-2,25%"
"11.05.2020","8.900,0","8.840,0","9.020,0","8.800,0","201,55K","0,23%"
"08.05.2020","8.880,0","9.200,0","9.380,0","8.880,0","266,99K","-1,33%"
"07.05.2020","9.000,0","9.250,0","9.270,0","9.000,0","316,27K","1,12%"
"06.05.2020","8.900,0","9.400,0","9.400,0","8.900,0","150,31K","-3,58%"
"05.05.2020","9.230,0","9.400,0","9.400,0","9.230,0","37,69K","-1,39%"
"04.05.2020","9.360,0","9.150,0","9.360,0","8.980,0","292,43K","1,52%"
"30.04.2020","9.220,0","9.400,0","9.400,0","9.220,0","187,80K","-1,39%"
"29.04.2020","9.350,0","9.400,0","9.400,0","9.250,0","393,45K","5,06%"
"28.04.2020","8.900,0","8.600,0","9.100,0","8.600,0","225,84K","3,49%"
"27.04.2020","8.600,0","9.120,0","9.120,0","8.600,0","434,54K","-5,60%"
"24.04.2020","9.110,0","9.580,0","9.690,0","9.110,0","326,09K","-4,91%"
"23.04.2020","9.580,0","9.910,0","10.100,0","9.530,0","455,68K","-3,33%"
"22.04.2020","9.910,0","11.500,0","11.500,0","9.800,0","781,24K","-5,62%"
"21.04.2020","10.500,0","11.000,0","11.100,0","10.500,0","223,13K","-6,08%"
"20.04.2020","11.180,0","11.180,0","11.300,0","11.140,0","144,11K","-1,06%"
"17.04.2020","11.300,0","11.480,0","11.600,0","11.280,0","167,54K","0,18%"
"16.04.2020","11.280,0","11.380,0","11.460,0","11.200,0","360,59K","-2,59%"
"15.04.2020","11.580,0","11.440,0","11.580,0","11.000,0","301,60K","0,70%"
"14.04.2020","11.500,0","11.760,0","11.960,0","11.380,0","477,30K","-0,17%"
"13.04.2020","11.520,0","11.460,0","11.820,0","11.320,0","269,96K","-0,52%"
"08.04.2020","11.580,0","11.200,0","11.780,0","11.100,0","124,02K","1,94%"
"07.04.2020","11.360,0","12.000,0","12.300,0","11.360,0","495,96K","-3,73%"
"06.04.2020","11.800,0","12.400,0","13.160,0","11.400,0","609,20K","-2,48%"
"03.04.2020","12.100,0","11.760,0","12.100,0","11.200,0","439,93K","2,89%"
"02.04.2020","11.760,0","10.800,0","11.760,0","10.160,0","311,21K","9,91%"
"01.04.2020","10.700,0","12.320,0","12.320,0","10.560,0","438,51K","-13,15%"
"31.03.2020","12.320,0","13.680,0","13.680,0","12.320,0","457,90K","-9,94%"
"30.03.2020","13.680,0","13.100,0","13.900,0","12.980,0","260,08K","0,29%"
"27.03.2020","13.640,0","13.480,0","13.640,0","12.100,0","774,44K","-2,15%"
"26.03.2020","13.940,0","11.400,0","13.940,0","11.400,0","643,30K","33,27%"
"25.03.2020","10.460,0","8.500,0","10.460,0","8.500,0","131,96K","30,75%"
"24.03.2020","8.000,0","7.100,0","8.050,0","7.100,0","393,26K","8,40%"
"20.03.2020","7.380,0","7.670,0","8.490,0","7.380,0","851,78K","5,28%"
"19.03.2020","7.010,0","7.440,0","8.000,0","7.000,0","192,51K","-5,65%"
"18.03.2020","7.430,0","9.100,0","9.100,0","7.200,0","246,15K","-20,11%"
"17.03.2020","9.300,0","9.000,0","9.440,0","8.900,0","649,03K","4,26%"
"16.03.2020","8.920,0","10.400,0","10.400,0","7.360,0","318,05K","-18,17%"
"12.03.2020","10.900,0","13.100,0","13.100,0","10.500,0","157,86K","-18,05%"
"11.03.2020","13.300,0","13.900,0","14.000,0","13.300,0","586,20K","-6,47%"
"10.03.2020","14.220,0","14.440,0","14.680,0","13.300,0","254,52K","3,04%"
"09.03.2020","13.800,0","15.740,0","15.740,0","13.800,0","321,06K","-12,55%"
"06.03.2020","15.780,0","16.100,0","16.160,0","15.760,0","205,66K","-2,11%"
"05.03.2020","16.120,0","15.740,0","16.700,0","15.740,0","360,69K","-1,35%"
"04.03.2020","16.340,0","15.980,0","16.340,0","15.980,0","102,11K","4,74%"
"03.03.2020","15.600,0","15.520,0","16.100,0","15.440,0","703,13K","1,43%"
"02.03.2020","15.380,0","15.300,0","15.680,0","15.300,0","558,22K","2,53%"
"28.02.2020","15.000,0","15.240,0","15.400,0","14.600,0","1,37M","-3,23%"
"27.02.2020","15.500,0","15.500,0","16.380,0","14.860,0","315,86K","-1,90%"
"26.02.2020","15.800,0","16.500,0","16.700,0","15.740,0","618,69K","-4,24%"
"25.02.2020","16.500,0","16.980,0","17.040,0","16.500,0","397,53K","-5,06%"
"24.02.2020","17.380,0","17.200,0","17.480,0","16.600,0","313,50K","0,70%"
"21.02.2020","17.260,0","17.480,0","17.480,0","17.260,0","118,99K","-1,37%"
"20.02.2020","17.500,0","17.780,0","17.780,0","17.500,0","147,87K","-1,57%"
"19.02.2020","17.780,0","17.500,0","17.780,0","17.360,0","236,14K","1,48%"
"18.02.2020","17.520,0","18.000,0","18.100,0","17.260,0","408,12K","-1,68%"
"17.02.2020","17.820,0","17.720,0","18.000,0","17.720,0","28,28K","-0,78%"
"14.02.2020","17.960,0","17.640,0","17.960,0","17.620,0","132,50K","1,01%"
"13.02.2020","17.780,0","17.760,0","17.900,0","17.640,0","119,07K","0,57%"
"12.02.2020","17.680,0","17.340,0","17.700,0","17.280,0","154,15K","1,96%"
"11.02.2020","17.340,0","17.200,0","17.440,0","17.100,0","145,91K","0,81%"
"10.02.2020","17.200,0","17.840,0","17.840,0","16.960,0","271,23K","-3,70%"
"07.02.2020","17.860,0","18.160,0","18.160,0","17.820,0","44,92K","-2,19%"
"06.02.2020","18.260,0","18.100,0","18.260,0","18.080,0","153,75K","-0,22%"
"05.02.2020","18.300,0","18.000,0","18.300,0","18.000,0","233,10K","1,78%"
"04.02.2020","17.980,0","17.900,0","18.100,0","17.700,0","269,72K","2,51%"
"03.02.2020","17.540,0","17.720,0","17.740,0","17.540,0","71,27K","0,34%"
"31.01.2020","17.480,0","18.100,0","18.140,0","17.480,0","455,33K","-3,85%"
"30.01.2020","18.180,0","17.960,0","18.180,0","17.740,0","181,22K","2,13%"
"29.01.2020","17.800,0","17.500,0","17.800,0","17.400,0","112,89K","1,71%"
"28.01.2020","17.500,0","17.700,0","17.700,0","17.040,0","180,26K","-1,57%"
"27.01.2020","17.780,0","17.960,0","17.960,0","17.600,0","46,74K","-1,00%"
"24.01.2020","17.960,0","18.040,0","18.060,0","17.820,0","85,39K","-0,44%"
"23.01.2020","18.040,0","17.980,0","18.120,0","17.980,0","102,95K","0,11%"
"22.01.2020","18.020,0","17.960,0","18.140,0","17.960,0","174,03K","0,11%"
"21.01.2020","18.000,0","18.000,0","18.160,0","18.000,0","102,21K","0,45%"
"20.01.2020","17.920,0","17.840,0","18.040,0","17.840,0","79,79K","-0,99%"
"17.01.2020","18.100,0","18.160,0","18.180,0","17.920,0","309,55K","0,56%"
"16.01.2020","18.000,0","17.920,0","18.000,0","17.600,0","194,37K","0,00%"
"15.01.2020","18.000,0","18.220,0","18.240,0","18.000,0","602,87K","-2,07%"
"14.01.2020","18.380,0","18.380,0","18.440,0","18.120,0","169,08K","1,21%"
"13.01.2020","18.160,0","18.180,0","18.220,0","18.080,0","143,84K","-1,30%"
"10.01.2020","18.400,0","18.280,0","18.400,0","18.100,0","116,22K","0,22%"
"09.01.2020","18.360,0","18.420,0","18.500,0","18.140,0","299,63K","-1,61%"
"08.01.2020","18.660,0","18.820,0","18.820,0","18.360,0","95,67K","-0,85%"
"07.01.2020","18.820,0","18.300,0","18.860,0","18.300,0","61,26K","-0,84%"
"03.01.2020","18.980,0","17.980,0","18.980,0","17.980,0","182,81K","4,40%"
"02.01.2020","18.180,0","18.000,0","18.240,0","17.860,0","50,23K","2,13%"
"30.12.2019","17.800,0","18.280,0","18.280,0","17.800,0","217,29K","-2,73%"
"27.12.2019","18.300,0","18.120,0","18.400,0","18.040,0","60,83K","0,99%"
"26.12.2019","18.120,0","18.240,0","18.340,0","18.060,0","55,43K","-1,20%"
"24.12.2019","18.340,0","18.220,0","18.780,0","18.200,0","15,98K","-2,86%"
"23.12.2019","18.880,0","18.360,0","18.960,0","18.360,0","157,20K","2,83%"
"20.12.2019","18.360,0","17.960,0","18.400,0","17.940,0","1,66M","2,23%"
"19.12.2019","17.960,0","18.140,0","18.140,0","17.920,0","172,43K","-2,29%"
"18.12.2019","18.380,0","17.920,0","18.380,0","17.860,0","179,11K","2,00%"
"17.12.2019","18.020,0","18.060,0","18.100,0","17.720,0","197,58K","-0,22%"
"16.12.2019","18.060,0","18.240,0","18.300,0","18.060,0","183,92K","-1,10%"
"13.12.2019","18.260,0","18.000,0","18.260,0","18.000,0","160,16K","1,44%"
"12.12.2019","18.000,0","17.560,0","18.080,0","17.560,0","234,45K","1,81%"
"11.12.2019","17.680,0","17.300,0","17.800,0","17.300,0","52,29K","1,61%"
"10.12.2019","17.400,0","17.680,0","17.680,0","17.360,0","29,29K","0,00%"
"09.12.2019","17.400,0","17.600,0","17.680,0","17.400,0","122,61K","-1,58%"
"06.12.2019","17.680,0","17.720,0","17.720,0","17.660,0","55,58K","-1,56%"
"05.12.2019","17.960,0","18.000,0","18.000,0","17.800,0","157,23K","-0,11%"
"04.12.2019","17.980,0","17.700,0","17.980,0","17.560,0","208,68K","3,21%"
"03.12.2019","17.420,0","17.640,0","17.640,0","17.300,0","125,17K","-2,13%"
"02.12.2019","17.800,0","17.760,0","17.800,0","17.640,0","531,92K","1,37%"
"29.11.2019","17.560,0","17.580,0","17.600,0","17.500,0","110,55K","0,00%"
"28.11.2019","17.560,0","17.360,0","17.760,0","17.300,0","96,43K","0,34%"
"27.11.2019","17.500,0","17.820,0","17.940,0","17.300,0","220,14K","-2,78%"
"26.11.2019","18.000,0","17.960,0","18.000,0","17.580,0","2,20M","0,00%"
"25.11.2019","18.000,0","18.240,0","18.240,0","17.860,0","261,58K","-1,32%"
"22.11.2019","18.240,0","18.200,0","18.240,0","18.080,0","92,29K","-0,11%"
"21.11.2019","18.260,0","17.840,0","18.260,0","17.500,0","308,73K","0,88%"
"20.11.2019","18.100,0","18.100,0","18.100,0","18.060,0","85,63K","-1,09%"
"19.11.2019","18.300,0","18.000,0","18.300,0","17.920,0","126,74K","0,55%"
"18.11.2019","18.200,0","18.300,0","18.300,0","18.040,0","51,41K","-0,55%"
"15.11.2019","18.300,0","18.280,0","18.300,0","18.000,0","22,30K","0,11%"
"14.11.2019","18.280,0","18.000,0","18.280,0","18.000,0","91,00K","-0,11%"
"13.11.2019","18.300,0","17.800,0","18.300,0","17.800,0","126,45K","0,77%"
"12.11.2019","18.160,0","18.300,0","18.300,0","18.020,0","137,56K","-0,77%"
"08.11.2019","18.300,0","17.860,0","18.300,0","17.820,0","105,52K","0,00%"
"07.11.2019","18.300,0","18.000,0","18.300,0","18.000,0","146,22K","1,44%"
"06.11.2019","18.040,0","17.840,0","18.200,0","17.800,0","279,11K","1,12%"
"05.11.2019","17.840,0","18.480,0","18.480,0","17.840,0","491,96K","-3,15%"
"01.11.2019","18.420,0","18.360,0","18.500,0","18.240,0","165,60K","0,66%"
"31.10.2019","18.300,0","18.300,0","18.380,0","18.280,0","316,34K","0,00%"
"30.10.2019","18.300,0","18.120,0","18.300,0","18.120,0","38,71K","0,11%"
"29.10.2019","18.280,0","18.020,0","18.380,0","18.020,0","170,68K","0,44%"
"28.10.2019","18.200,0","18.340,0","18.340,0","18.120,0","90,09K","-0,87%"
"25.10.2019","18.360,0","18.360,0","18.360,0","18.200,0","466,44K","0,00%"
"24.10.2019","18.360,0","18.380,0","18.380,0","18.300,0","91,80K","0,00%"
"23.10.2019","18.360,0","18.300,0","18.400,0","18.080,0","261,84K","-0,22%"
"22.10.2019","18.400,0","17.300,0","18.400,0","17.300,0","219,59K","2,22%"
"21.10.2019","18.000,0","17.400,0","18.000,0","17.400,0","281,42K","1,12%"
"18.10.2019","17.800,0","17.440,0","17.800,0","17.440,0","71,78K","1,60%"
"17.10.2019","17.520,0","17.180,0","17.600,0","17.160,0","148,04K","-0,45%"
"16.10.2019","17.600,0","17.380,0","17.700,0","17.320,0","128,71K","-0,34%"
"15.10.2019","17.660,0","17.600,0","17.680,0","17.320,0","101,61K","1,03%"
"11.10.2019","17.480,0","17.600,0","17.600,0","17.080,0","136,71K","-0,11%"
"10.10.2019","17.500,0","17.680,0","17.680,0","17.460,0","141,35K","-1,13%"
"09.10.2019","17.700,0","17.320,0","17.700,0","17.320,0","36,64K","0,00%"
"08.10.2019","17.700,0","17.240,0","17.700,0","17.220,0","176,53K","0,00%"
"07.10.2019","17.700,0","17.520,0","17.700,0","17.520,0","41,76K","0,00%"
"04.10.2019","17.700,0","17.260,0","17.700,0","17.260,0","177,93K","2,43%"
"03.10.2019","17.280,0","17.260,0","17.540,0","17.220,0","1,29M","-2,59%"
"02.10.2019","17.740,0","17.060,0","17.740,0","17.000,0","534,10K","3,14%"
"01.10.2019","17.200,0","17.060,0","17.200,0","16.600,0","276,15K","0,82%"
"30.09.2019","17.060,0","17.400,0","17.420,0","17.060,0","507,54K","-1,95%"
"27.09.2019","17.400,0","17.680,0","18.000,0","17.400,0","81,20K","-2,25%"
"26.09.2019","17.800,0","17.620,0","17.800,0","17.520,0","322,04K","0,11%"
"25.09.2019","17.780,0","17.660,0","17.780,0","17.420,0","3,84M","0,68%"
"24.09.2019","17.660,0","17.660,0","17.760,0","17.500,0","446,35K","0,00%"
"23.09.2019","17.660,0","17.660,0","17.780,0","17.440,0","442,52K","0,00%"
"20.09.2019","17.660,0","17.500,0","17.660,0","17.300,0","7,76M","0,00%"
"19.09.2019","17.660,0","17.800,0","17.800,0","17.520,0","1,01M","-0,79%"
"18.09.2019","17.800,0","17.980,0","17.980,0","17.600,0","441,43K","0,00%"
"17.09.2019","17.800,0","17.980,0","17.980,0","17.640,0","670,84K","-1,00%"
"16.09.2019","17.980,0","17.900,0","17.980,0","17.680,0","809,15K","0,67%"
"13.09.2019","17.860,0","18.020,0","18.040,0","17.700,0","373,02K","-0,78%"
"12.09.2019","18.000,0","17.940,0","18.180,0","17.940,0","673,78K","-1,10%"
"11.09.2019","18.200,0","18.360,0","18.360,0","17.840,0","292,17K","0,11%"
"10.09.2019","18.180,0","18.480,0","18.620,0","18.180,0","796,83K","-1,52%"
"09.09.2019","18.460,0","18.140,0","18.700,0","18.140,0","464,17K","0,54%"
"06.09.2019","18.360,0","18.000,0","18.360,0","17.860,0","650,54K","2,00%"
"05.09.2019","18.000,0","17.500,0","18.000,0","17.500,0","270,65K","0,56%"
"04.09.2019","17.900,0","17.580,0","17.920,0","17.500,0","275,07K","0,56%"
"03.09.2019","17.800,0","17.800,0","18.000,0","17.740,0","1,05M","-1,11%"
"02.09.2019","18.000,0","17.900,0","18.000,0","17.800,0","135,00K","0,00%"
"30.08.2019","18.000,0","17.800,0","18.000,0","17.420,0","494,68K","2,62%"
"29.08.2019","17.540,0","17.480,0","17.760,0","17.480,0","343,11K","0,57%"
"28.08.2019","17.440,0","17.380,0","17.500,0","17.360,0","310,16K","0,35%"
"27.08.2019","17.380,0","16.760,0","17.500,0","16.760,0","903,42K","3,70%"
"26.08.2019","16.760,0","15.780,0","16.760,0","15.780,0","670,05K","8,69%"
"23.08.2019","15.420,0","15.780,0","15.980,0","15.400,0","92,14K","-2,28%"
"22.08.2019","15.780,0","15.960,0","16.040,0","15.740,0","186,85K","-1,13%"
"21.08.2019","15.960,0","16.020,0","16.260,0","15.960,0","199,53K","0,25%"
"20.08.2019","15.920,0","15.820,0","16.140,0","15.800,0","229,17K","0,63%"
"16.08.2019","15.820,0","16.000,0","16.360,0","15.820,0","318,15K","0,38%"
"15.08.2019","15.760,0","15.640,0","15.820,0","15.120,0","153,87K","2,34%"
"14.08.2019","15.400,0","16.260,0","16.340,0","15.400,0","300,97K","-5,06%"
"13.08.2019","16.220,0","16.000,0","16.580,0","16.000,0","272,92K","1,00%"
"12.08.2019","16.060,0","16.200,0","16.300,0","16.060,0","189,46K","-1,59%"
"09.08.2019","16.320,0","16.480,0","16.800,0","16.320,0","434,06K","-0,97%"
"08.08.2019","16.480,0","16.480,0","16.600,0","16.000,0","392,37K","3,26%"
"06.08.2019","15.960,0","16.020,0","16.240,0","15.680,0","411,46K","-0,37%"
"05.08.2019","16.020,0","16.400,0","16.400,0","16.000,0","270,87K","-2,55%"
"02.08.2019","16.440,0","16.660,0","16.860,0","16.440,0","205,93K","0,24%"
"01.08.2019","16.400,0","16.820,0","17.020,0","16.340,0","291,42K","-2,50%"
"31.07.2019","16.820,0","17.020,0","17.280,0","16.820,0","409,53K","-1,06%"
"30.07.2019","17.000,0","17.120,0","17.200,0","17.000,0","36,79K","-1,16%"
"29.07.2019","17.200,0","17.460,0","17.460,0","17.120,0","82,71K","1,06%"
"26.07.2019","17.020,0","17.440,0","17.760,0","16.940,0","209,43K","-2,18%"
"25.07.2019","17.400,0","17.500,0","17.580,0","17.400,0","48,65K","-1,14%"
"24.07.2019","17.600,0","17.620,0","17.720,0","17.580,0","90,32K","-0,11%"
"23.07.2019","17.620,0","17.740,0","17.820,0","17.460,0","138,13K","0,00%"
"22.07.2019","17.620,0","17.900,0","17.920,0","17.620,0","97,52K","-1,56%"
"19.07.2019","17.900,0","17.700,0","17.900,0","17.640,0","128,81K","1,13%"
"18.07.2019","17.700,0","17.920,0","18.120,0","17.660,0","81,24K","-1,45%"
"17.07.2019","17.960,0","18.000,0","18.260,0","17.960,0","130,50K","0,00%"
"16.07.2019","17.960,0","17.760,0","18.100,0","17.580,0","275,38K","1,81%"
"15.07.2019","17.640,0","17.640,0","17.760,0","17.640,0","156,64K","0,00%"
"12.07.2019","17.640,0","17.600,0","17.820,0","17.560,0","176,88K","0,00%"
"11.07.2019","17.640,0","17.840,0","17.840,0","17.600,0","111,93K","-0,79%"
"10.07.2019","17.780,0","17.780,0","17.960,0","17.760,0","215,45K","0,00%"
"09.07.2019","17.780,0","17.620,0","17.800,0","17.560,0","98,20K","0,91%"
"08.07.2019","17.620,0","17.700,0","17.700,0","17.540,0","203,77K","0,34%"
"05.07.2019","17.560,0","17.660,0","17.780,0","17.540,0","248,51K","-0,34%"
"04.07.2019","17.620,0","17.660,0","17.760,0","17.580,0","29,25K","-0,23%"
"03.07.2019","17.660,0","17.320,0","17.680,0","17.300,0","128,60K","2,20%"
"02.07.2019","17.280,0","17.160,0","17.500,0","17.160,0","114,07K","-0,12%"
"28.06.2019","17.300,0","17.140,0","17.300,0","17.120,0","145,89K","1,05%"
"27.06.2019","17.120,0","17.260,0","17.300,0","17.120,0","42,03K","-0,23%"
"26.06.2019","17.160,0","17.260,0","17.600,0","17.140,0","120,77K","-1,94%"
"25.06.2019","17.500,0","17.500,0","17.520,0","17.160,0","298,31K","0,23%"
"21.06.2019","17.460,0","17.440,0","17.460,0","17.120,0","736,08K","-0,80%"
"20.06.2019","17.600,0","17.440,0","17.600,0","17.300,0","200,76K","1,97%"
"19.06.2019","17.260,0","17.240,0","17.260,0","17.100,0","229,73K","0,82%"
"18.06.2019","17.120,0","17.280,0","17.340,0","16.920,0","279,06K","-0,23%"
"17.06.2019","17.160,0","17.100,0","17.160,0","17.000,0","268,84K","0,35%"
"14.06.2019","17.100,0","16.740,0","17.100,0","16.720,0","308,93K","1,30%"
"13.06.2019","16.880,0","16.620,0","16.920,0","16.620,0","837,94K","1,32%"
"12.06.2019","16.660,0","16.640,0","16.800,0","16.600,0","158,95K","0,00%"
"11.06.2019","16.660,0","16.700,0","16.700,0","16.540,0","146,23K","1,59%"
"10.06.2019","16.400,0","16.900,0","17.200,0","16.400,0","360,85K","-3,64%"
"07.06.2019","17.020,0","16.940,0","17.220,0","16.920,0","102,19K","0,71%"
"06.06.2019","16.900,0","16.900,0","16.900,0","16.720,0","129,23K","0,00%"
"05.06.2019","16.900,0","17.020,0","17.160,0","16.900,0","105,10K","-1,52%"
"04.06.2019","17.160,0","17.260,0","17.320,0","17.140,0","43,28K","-0,92%"
"31.05.2019","17.320,0","17.080,0","17.360,0","16.920,0","235,55K","0,93%"
"30.05.2019","17.160,0","17.200,0","17.440,0","17.100,0","174,51K","-0,23%"
"29.05.2019","17.200,0","16.880,0","17.340,0","16.880,0","127,16K","1,90%"
"28.05.2019","16.880,0","16.380,0","16.880,0","16.300,0","417,78K","3,05%"
"27.05.2019","16.380,0","16.600,0","16.660,0","16.280,0","118,56K","-0,85%"
"24.05.2019","16.520,0","16.500,0","16.680,0","16.440,0","342,92K","0,12%"
"23.05.2019","16.500,0","16.380,0","16.580,0","16.340,0","166,33K","-0,48%"
"22.05.2019","16.580,0","16.380,0","16.580,0","16.360,0","225,91K","1,22%"
"21.05.2019","16.380,0","16.300,0","16.500,0","16.300,0","164,80K","0,49%"
"20.05.2019","16.300,0","16.200,0","16.300,0","16.040,0","158,69K","0,00%"
"17.05.2019","16.300,0","16.160,0","16.620,0","16.160,0","286,20K","0,87%"
"16.05.2019","16.160,0","16.500,0","17.000,0","16.040,0","216,45K","-2,06%"
"15.05.2019","16.500,0","17.200,0","17.200,0","16.500,0","237,74K","-2,94%"
"14.05.2019","17.000,0","17.300,0","17.660,0","17.000,0","479,97K","-1,73%"
"13.05.2019","17.300,0","17.600,0","17.700,0","17.300,0","259,32K","-2,37%"
"10.05.2019","17.720,0","17.820,0","18.000,0","17.660,0","208,68K","-0,56%"
"09.05.2019","17.820,0","17.700,0","18.140,0","17.620,0","231,85K","-0,89%"
"08.05.2019","17.980,0","17.920,0","18.100,0","17.900,0","281,55K","0,33%"
"07.05.2019","17.920,0","17.980,0","18.100,0","17.780,0","314,93K","-0,33%"
"06.05.2019","17.980,0","18.200,0","18.220,0","17.980,0","96,89K","-1,43%"
"03.05.2019","18.240,0","17.900,0","18.300,0","17.900,0","245,85K","1,22%"
"02.05.2019","18.020,0","18.100,0","18.260,0","18.000,0","29,34K","-2,07%"
"30.04.2019","18.400,0","18.200,0","18.400,0","18.000,0","299,71K","0,99%"
"29.04.2019","18.220,0","18.500,0","18.620,0","18.220,0","57,87K","-1,62%"
"26.04.2019","18.520,0","18.480,0","18.520,0","18.260,0","51,68K","0,11%"
"25.04.2019","18.500,0","18.440,0","18.540,0","18.300,0","133,12K","0,98%"
"24.04.2019","18.320,0","17.980,0","18.320,0","17.860,0","189,56K","1,22%"
"23.04.2019","18.100,0","18.140,0","18.140,0","17.940,0","83,10K","1,00%"
"22.04.2019","17.920,0","17.860,0","18.000,0","17.780,0","271,21K","0,34%"
"17.04.2019","17.860,0","17.660,0","17.900,0","17.580,0","174,39K","1,94%"
"16.04.2019","17.520,0","17.000,0","17.720,0","17.000,0","197,47K","0,11%"
"15.04.2019","17.500,0","18.200,0","18.200,0","17.500,0","156,65K","-4,58%"
"12.04.2019","18.340,0","18.040,0","18.340,0","18.040,0","171,74K","1,66%"
"11.04.2019","18.040,0","18.360,0","18.480,0","18.040,0","123,71K","-1,85%"
"10.04.2019","18.380,0","18.360,0","18.540,0","18.160,0","263,15K","0,00%"
"09.04.2019","18.380,0","17.980,0","18.380,0","17.820,0","280,29K","2,57%"
"08.04.2019","17.920,0","18.000,0","18.000,0","17.760,0","144,20K","0,45%"
"05.04.2019","17.840,0","18.000,0","18.180,0","17.840,0","206,84K","-0,89%"
"04.04.2019","18.000,0","18.200,0","18.300,0","17.840,0","72,34K","-1,21%"
"03.04.2019","18.220,0","17.980,0","18.220,0","17.800,0","192,46K","2,02%"
"02.04.2019","17.860,0","17.820,0","18.000,0","17.820,0","81,06K","-0,45%"
"01.04.2019","17.940,0","18.180,0","18.380,0","17.940,0","157,16K","-0,88%"
"29.03.2019","18.100,0","18.000,0","18.180,0","17.720,0","258,92K","1,69%"
"28.03.2019","17.800,0","18.000,0","18.000,0","17.520,0","212,28K","0,56%"
"27.03.2019","17.700,0","18.100,0","18.120,0","17.600,0","161,00K","-2,85%"
"26.03.2019","18.220,0","18.320,0","18.400,0","18.220,0","137,14K","-0,44%"
"22.03.2019","18.300,0","18.400,0","18.520,0","18.100,0","300,16K","-2,14%"
"21.03.2019","18.700,0","18.720,0","18.760,0","18.420,0","333,39K","-0,21%"
"20.03.2019","18.740,0","18.180,0","18.740,0","18.180,0","339,57K","2,85%"
"19.03.2019","18.220,0","18.480,0","18.720,0","18.220,0","199,50K","-1,41%"
"18.03.2019","18.480,0","18.500,0","18.540,0","18.260,0","251,04K","1,54%"
"15.03.2019","18.200,0","18.680,0","18.780,0","18.200,0","1,59M","-2,67%"
"14.03.2019","18.700,0","18.280,0","18.700,0","18.280,0","432,10K","2,19%"
"13.03.2019","18.300,0","17.840,0","18.300,0","17.840,0","473,17K","2,58%"
"12.03.2019","17.840,0","17.740,0","18.020,0","17.740,0","387,24K","0,68%"
"11.03.2019","17.720,0","17.740,0","17.780,0","17.620,0","233,94K","0,80%"
"08.03.2019","17.580,0","17.700,0","17.800,0","17.260,0","162,76K","-1,24%"
"07.03.2019","17.800,0","18.000,0","18.140,0","17.720,0","275,83K","-1,22%"
"06.03.2019","18.020,0","17.820,0","18.140,0","17.700,0","505,23K","1,69%"
"05.03.2019","17.720,0","17.900,0","17.900,0","17.720,0","87,12K","-1,12%"
"04.03.2019","17.920,0","18.240,0","18.240,0","17.920,0","83,53K","-1,21%"
"01.03.2019","18.140,0","18.100,0","18.140,0","17.740,0","127,57K","1,23%"
"28.02.2019","17.920,0","18.180,0","18.280,0","17.920,0","408,92K","-1,43%"
"27.02.2019","18.180,0","18.200,0","18.300,0","17.900,0","147,79K","-0,66%"
"26.02.2019","18.300,0","18.000,0","18.300,0","17.980,0","218,39K","1,67%"
"25.02.2019","18.000,0","18.000,0","18.000,0","17.780,0","187,54K","1,24%"
"22.02.2019","17.780,0","17.600,0","17.980,0","17.580,0","83,14K","1,02%"
"21.02.2019","17.600,0","17.540,0","17.600,0","17.360,0","312,00K","0,46%"
"20.02.2019","17.520,0","17.860,0","17.960,0","17.520,0","211,43K","-1,90%"
"19.02.2019","17.860,0","18.080,0","18.180,0","17.600,0","271,60K","-1,22%"
"18.02.2019","18.080,0","18.480,0","18.500,0","18.080,0","104,39K","-2,16%"
"15.02.2019","18.480,0","18.320,0","18.480,0","18.240,0","194,02K","0,76%"
"14.02.2019","18.340,0","17.820,0","18.340,0","17.820,0","59,74K","0,99%"
"13.02.2019","18.160,0","18.180,0","18.180,0","17.860,0","220,34K","-0,11%"
"12.02.2019","18.180,0","18.200,0","18.200,0","18.000,0","298,34K","0,66%"
"11.02.2019","18.060,0","18.020,0","18.220,0","17.940,0","120,19K","0,22%"
"08.02.2019","18.020,0","18.060,0","18.100,0","17.880,0","91,42K","-0,22%"
"07.02.2019","18.060,0","18.020,0","18.280,0","18.020,0","154,33K","-0,88%"
"06.02.2019","18.220,0","18.540,0","18.560,0","18.220,0","175,15K","-1,51%"
"05.02.2019","18.500,0","18.240,0","18.500,0","18.240,0","164,08K","0,54%"
"04.02.2019","18.400,0","18.520,0","18.660,0","18.200,0","331,30K","-1,08%"
"01.02.2019","18.600,0","18.540,0","18.660,0","18.420,0","338,01K","0,22%"
"31.01.2019","18.560,0","18.680,0","18.720,0","18.560,0","1,78M","-0,75%"
"30.01.2019","18.700,0","18.940,0","18.940,0","18.700,0","340,54K","-1,06%"
"29.01.2019","18.900,0","18.560,0","18.900,0","18.540,0","157,14K","0,64%"
"28.01.2019","18.780,0","18.440,0","18.780,0","18.400,0","547,34K","2,40%"
"25.01.2019","18.340,0","18.120,0","18.440,0","17.920,0","215,90K","1,33%"
"24.01.2019","18.100,0","17.920,0","18.300,0","17.420,0","352,67K","0,89%"
"23.01.2019","17.940,0","17.600,0","17.940,0","17.480,0","239,42K","1,93%"
"22.01.2019","17.600,0","17.120,0","17.600,0","17.120,0","492,06K","1,15%"
"21.01.2019","17.400,0","17.400,0","17.400,0","17.240,0","31,96K","0,00%"
"18.01.2019","17.400,0","17.320,0","17.400,0","17.080,0","366,18K","0,58%"
"17.01.2019","17.300,0","17.300,0","17.340,0","17.220,0","137,25K","0,00%"
"16.01.2019","17.300,0","17.200,0","17.300,0","17.140,0","134,96K","0,58%"
"15.01.2019","17.200,0","17.000,0","17.200,0","17.000,0","286,21K","0,58%"
"14.01.2019","17.100,0","17.080,0","17.120,0","17.000,0","209,45K","0,12%"
"11.01.2019","17.080,0","17.100,0","17.100,0","17.000,0","170,23K","-0,12%"
"10.01.2019","17.100,0","17.000,0","17.100,0","16.700,0","236,41K","0,59%"
"09.01.2019","17.000,0","17.080,0","17.100,0","16.920,0","508,03K","-0,23%"
"08.01.2019","17.040,0","17.300,0","17.300,0","16.940,0","574,06K","-1,39%"
"04.01.2019","17.280,0","16.820,0","17.280,0","16.800,0","119,22K","1,05%"
"03.01.2019","17.100,0","16.820,0","17.100,0","16.820,0","311,72K","1,66%"
"02.01.2019","16.820,0","16.600,0","17.100,0","16.600,0","36,41K","-0,47%"
"28.12.2018","16.900,0","17.040,0","17.200,0","16.740,0","194,27K","-0,71%"
"27.12.2018","17.020,0","17.280,0","17.280,0","16.720,0","78,51K","-0,12%"
"26.12.2018","17.040,0","16.720,0","17.300,0","16.720,0","49,11K","1,91%"
"24.12.2018","16.720,0","17.000,0","17.000,0","16.700,0","128,53K","0,24%"
"21.12.2018","16.680,0","16.260,0","17.000,0","16.260,0","1,26M","2,71%"
"20.12.2018","16.240,0","16.460,0","16.560,0","16.240,0","519,72K","-1,81%"
"19.12.2018","16.540,0","16.220,0","16.700,0","16.220,0","292,58K","1,47%"
"18.12.2018","16.300,0","15.960,0","16.300,0","15.960,0","188,01K","2,13%"
"17.12.2018","15.960,0","16.300,0","16.440,0","15.900,0","539,76K","-2,09%"
"14.12.2018","16.300,0","16.440,0","16.440,0","16.300,0","175,73K","-0,85%"
"13.12.2018","16.440,0","16.500,0","16.500,0","16.320,0","200,14K","0,00%"
"12.12.2018","16.440,0","16.500,0","16.600,0","16.320,0","469,51K","-0,36%"
"11.12.2018","16.500,0","16.680,0","16.680,0","16.500,0","250,04K","-1,08%"
"10.12.2018","16.680,0","16.640,0","16.700,0","16.540,0","204,35K","-0,12%"
"07.12.2018","16.700,0","16.680,0","16.800,0","16.660,0","177,87K","0,12%"
"06.12.2018","16.680,0","16.440,0","16.780,0","16.440,0","137,60K","-0,60%"
"05.12.2018","16.780,0","16.200,0","16.800,0","16.200,0","114,39K","1,33%"
"04.12.2018","16.560,0","16.200,0","16.560,0","16.200,0","155,93K","2,22%"
"03.12.2018","16.200,0","16.140,0","16.380,0","16.140,0","323,55K","0,12%"
"30.11.2018","16.180,0","16.020,0","16.180,0","15.980,0","823,57K","1,00%"
"29.11.2018","16.020,0","15.980,0","16.100,0","15.980,0","171,72K","0,25%"
"28.11.2018","15.980,0","16.000,0","16.040,0","15.980,0","407,80K","-0,13%"
"27.11.2018","16.000,0","16.340,0","16.340,0","15.900,0","134,01K","-0,99%"
"26.11.2018","16.160,0","16.100,0","16.160,0","15.900,0","317,97K","1,00%"
"23.11.2018","16.000,0","15.980,0","16.100,0","15.940,0","175,60K","0,00%"
"22.11.2018","16.000,0","16.100,0","16.280,0","16.000,0","28,25K","0,00%"
"21.11.2018","16.000,0","15.900,0","16.080,0","15.520,0","559,91K","0,63%"
"20.11.2018","15.900,0","16.100,0","16.100,0","15.800,0","246,47K","-1,24%"
"19.11.2018","16.100,0","16.120,0","16.240,0","16.020,0","193,91K","0,63%"
"16.11.2018","16.000,0","16.100,0","16.400,0","16.000,0","776,96K","-0,62%"
"15.11.2018","16.100,0","15.620,0","16.100,0","15.620,0","915,76K","3,07%"
"14.11.2018","15.620,0","15.740,0","15.740,0","15.620,0","15,22K","1,43%"
"13.11.2018","15.400,0","15.600,0","15.620,0","15.300,0","170,57K","-1,41%"
"09.11.2018","15.620,0","15.700,0","15.800,0","15.480,0","333,18K","-0,76%"
"08.11.2018","15.740,0","15.580,0","15.800,0","15.440,0","481,01K","1,55%"
"07.11.2018","15.500,0","15.460,0","15.580,0","15.400,0","996,98K","0,26%"
"06.11.2018","15.460,0","15.240,0","15.480,0","15.200,0","339,79K","1,44%"
"02.11.2018","15.240,0","15.180,0","15.380,0","15.020,0","105,67K","0,79%"
"01.11.2018","15.120,0","15.260,0","15.340,0","14.980,0","188,85K","0,80%"
"31.10.2018","15.000,0","14.760,0","15.140,0","14.760,0","612,33K","1,63%"
"30.10.2018","14.760,0","14.900,0","15.200,0","14.380,0","735,57K","-0,94%"
"29.10.2018","14.900,0","15.060,0","15.400,0","14.900,0","246,51K","-1,06%"
"26.10.2018","15.060,0","15.000,0","15.060,0","14.700,0","319,34K","0,40%"
"25.10.2018","15.000,0","15.000,0","15.240,0","14.980,0","589,97K","0,00%"
"24.10.2018","15.000,0","15.180,0","15.280,0","14.900,0","246,77K","-1,19%"
"23.10.2018","15.180,0","15.080,0","15.180,0","14.900,0","1,03M","0,00%"
"22.10.2018","15.180,0","15.300,0","15.460,0","15.100,0","194,24K","-0,91%"
"19.10.2018","15.320,0","15.600,0","15.800,0","15.140,0","435,06K","-1,79%"
"18.10.2018","15.600,0","15.680,0","15.680,0","15.400,0","904,05K","0,78%"
"17.10.2018","15.480,0","15.100,0","15.880,0","15.060,0","16,39M","2,52%"
"16.10.2018","15.100,0","15.040,0","15.480,0","15.040,0","1,92M","-0,40%"
"12.10.2018","15.160,0","15.300,0","15.660,0","15.160,0","160,32K","-0,92%"
"11.10.2018","15.300,0","15.300,0","15.400,0","15.000,0","161,31K","-0,65%"
"10.10.2018","15.400,0","15.500,0","15.500,0","15.020,0","223,84K","-0,65%"
"09.10.2018","15.500,0","15.780,0","15.780,0","15.200,0","109,55K","0,00%"
"08.10.2018","15.500,0","15.820,0","15.820,0","15.500,0","206,38K","-2,15%"
"05.10.2018","15.840,0","16.200,0","16.200,0","15.840,0","287,68K","-2,22%"
"04.10.2018","16.200,0","16.640,0","16.640,0","16.160,0","144,73K","-1,46%"
"03.10.2018","16.440,0","16.680,0","16.680,0","16.380,0","66,13K","1,48%"
"02.10.2018","16.200,0","16.200,0","16.300,0","16.140,0","501,42K","0,00%"
"01.10.2018","16.200,0","16.460,0","16.500,0","16.200,0","81,14K","-0,61%"
"28.09.2018","16.300,0","16.140,0","16.320,0","16.140,0","374,91K","0,37%"
"27.09.2018","16.240,0","16.300,0","16.300,0","16.100,0","102,60K","1,37%"
"26.09.2018","16.020,0","16.100,0","16.100,0","15.900,0","100,17K","-0,12%"
"25.09.2018","16.040,0","16.360,0","16.360,0","15.920,0","71,83K","0,88%"
"24.09.2018","15.900,0","16.000,0","16.280,0","15.580,0","549,47K","0,00%"
"21.09.2018","15.900,0","17.000,0","17.000,0","15.900,0","1,21M","-6,47%"
"20.09.2018","17.000,0","17.360,0","17.420,0","17.000,0","344,32K","-2,07%"
"19.09.2018","17.360,0","17.400,0","17.460,0","17.320,0","177,24K","-0,23%"
"18.09.2018","17.400,0","17.200,0","17.440,0","17.200,0","20,65K","1,28%"
"17.09.2018","17.180,0","17.200,0","17.440,0","17.140,0","28,09K","-0,58%"
"14.09.2018","17.280,0","17.180,0","17.560,0","17.180,0","188,76K","-0,69%"
"13.09.2018","17.400,0","17.400,0","17.400,0","17.300,0","155,51K","0,00%"
"12.09.2018","17.400,0","17.580,0","17.940,0","17.400,0","543,04K","-1,02%"
"11.09.2018","17.580,0","17.300,0","17.740,0","17.140,0","63,37K","1,15%"
"10.09.2018","17.380,0","17.320,0","17.380,0","17.200,0","187,71K","0,46%"
"07.09.2018","17.300,0","17.940,0","17.940,0","17.080,0","74,75K","0,58%"
"06.09.2018","17.200,0","18.500,0","18.500,0","17.120,0","262,46K","-3,70%"
"05.09.2018","17.860,0","18.500,0","18.700,0","17.860,0","346,70K","-3,98%"
"04.09.2018","18.600,0","18.940,0","18.940,0","18.520,0","95,16K","-1,80%"
"03.09.2018","18.940,0","19.100,0","19.160,0","18.940,0","9,33K","-0,84%"
"31.08.2018","19.100,0","18.840,0","19.100,0","18.480,0","290,33K","1,38%"
"30.08.2018","18.840,0","19.000,0","19.060,0","18.840,0","1,60M","-0,84%"
"29.08.2018","19.000,0","19.120,0","19.300,0","18.920,0","112,50K","-1,55%"
"28.08.2018","19.300,0","19.340,0","19.380,0","19.120,0","91,21K","-0,31%"
"27.08.2018","19.360,0","19.380,0","19.480,0","19.200,0","128,16K","-0,10%"
"24.08.2018","19.380,0","19.260,0","19.460,0","19.260,0","177,25K","0,62%"
"23.08.2018","19.260,0","19.100,0","19.260,0","19.020,0","418,38K","0,84%"
"22.08.2018","19.100,0","19.160,0","19.380,0","19.100,0","551,28K","-1,14%"
"21.08.2018","19.320,0","19.440,0","19.440,0","19.200,0","227,28K","0,84%"
"17.08.2018","19.160,0","19.320,0","19.340,0","19.160,0","125,88K","-0,31%"
"16.08.2018","19.220,0","19.500,0","19.660,0","19.140,0","2,58M","-1,44%"
"15.08.2018","19.500,0","19.620,0","19.700,0","19.400,0","135,60K","-1,02%"
"14.08.2018","19.700,0","19.600,0","19.760,0","19.600,0","35,80K","1,03%"
"13.08.2018","19.500,0","19.640,0","19.660,0","19.340,0","56,21K","-1,02%"
"10.08.2018","19.700,0","19.620,0","19.800,0","19.620,0","36,06K","-0,51%"
"09.08.2018","19.800,0","19.540,0","19.900,0","19.540,0","155,91K","-0,50%"
"08.08.2018","19.900,0","19.400,0","19.900,0","19.360,0","195,95K","3,11%"
"06.08.2018","19.300,0","19.260,0","19.300,0","19.060,0","92,92K","0,00%"
"03.08.2018","19.300,0","19.320,0","19.320,0","19.200,0","84,75K","0,52%"
"02.08.2018","19.200,0","19.560,0","19.560,0","19.200,0","86,04K","-1,84%"
"01.08.2018","19.560,0","19.400,0","19.700,0","19.400,0","125,45K","0,82%"
"31.07.2018","19.400,0","19.600,0","19.680,0","19.400,0","193,72K","-1,42%"
"30.07.2018","19.680,0","19.460,0","19.680,0","19.460,0","158,76K","1,13%"
"27.07.2018","19.460,0","19.360,0","19.600,0","19.340,0","74,59K","0,52%"
"26.07.2018","19.360,0","19.660,0","19.660,0","19.340,0","249,42K","-1,53%"
"25.07.2018","19.660,0","19.760,0","19.760,0","19.620,0","46,71K","0,31%"
"24.07.2018","19.600,0","19.580,0","19.680,0","19.540,0","104,15K","-0,20%"
"23.07.2018","19.640,0","19.540,0","19.660,0","19.440,0","141,94K","0,51%"
"19.07.2018","19.540,0","19.300,0","19.600,0","19.300,0","93,38K","0,21%"
"18.07.2018","19.500,0","19.000,0","19.580,0","19.000,0","290,23K","1,88%"
"17.07.2018","19.140,0","19.100,0","19.220,0","19.060,0","144,15K","0,31%"
"16.07.2018","19.080,0","18.900,0","19.080,0","18.900,0","103,60K","0,42%"
"13.07.2018","19.000,0","18.720,0","19.060,0","18.700,0","76,55K","0,00%"
"12.07.2018","19.000,0","19.080,0","19.100,0","19.000,0","151,53K","-0,42%"
"11.07.2018","19.080,0","19.080,0","19.140,0","18.900,0","210,81K","0,10%"
"10.07.2018","19.060,0","19.020,0","19.240,0","19.020,0","202,13K","0,00%"
"09.07.2018","19.060,0","19.080,0","19.200,0","19.000,0","174,59K","-0,31%"
"06.07.2018","19.120,0","19.540,0","19.540,0","19.120,0","108,35K","-2,15%"
"05.07.2018","19.540,0","19.900,0","19.900,0","19.540,0","162,17K","-1,71%"
"04.07.2018","19.880,0","19.800,0","19.900,0","19.800,0","20,30K","0,40%"
"03.07.2018","19.800,0","19.860,0","19.940,0","19.800,0","116,03K","-0,30%"
"29.06.2018","19.860,0","19.520,0","19.860,0","19.520,0","249,95K","2,16%"
"28.06.2018","19.440,0","19.780,0","19.780,0","19.400,0","158,54K","-1,32%"
"27.06.2018","19.700,0","19.380,0","19.700,0","19.380,0","158,74K","1,65%"
"26.06.2018","19.380,0","19.000,0","19.500,0","18.900,0","274,71K","2,00%"
"25.06.2018","19.000,0","19.180,0","19.200,0","19.000,0","299,43K","0,00%"
"22.06.2018","19.000,0","19.320,0","19.320,0","19.000,0","380,39K","-1,66%"
"21.06.2018","19.320,0","19.200,0","19.500,0","19.200,0","574,13K","0,63%"
"20.06.2018","19.200,0","19.380,0","19.620,0","19.200,0","128,20K","-1,74%"
"19.06.2018","19.540,0","19.680,0","19.680,0","19.380,0","182,76K","-0,81%"
"18.06.2018","19.700,0","19.680,0","19.800,0","19.680,0","524,35K","0,00%"
"15.06.2018","19.700,0","19.440,0","19.700,0","19.400,0","586,10K","1,44%"
"14.06.2018","19.420,0","19.060,0","19.520,0","19.040,0","311,12K","0,10%"
"13.06.2018","19.400,0","19.000,0","19.400,0","19.000,0","303,01K","2,54%"
"12.06.2018","18.920,0","19.160,0","19.300,0","18.920,0","201,16K","-1,97%"
"08.06.2018","19.300,0","19.300,0","19.380,0","19.200,0","246,19K","-0,92%"
"07.06.2018","19.480,0","19.580,0","19.580,0","19.400,0","142,43K","-0,51%"
"06.06.2018","19.580,0","19.600,0","19.600,0","19.440,0","348,30K","0,82%"
"05.06.2018","19.420,0","19.600,0","19.600,0","19.240,0","416,21K","-0,92%"
"01.06.2018","19.600,0","19.560,0","19.620,0","19.480,0","72,81K","0,93%"
"31.05.2018","19.420,0","19.440,0","19.440,0","19.300,0","676,63K","-0,10%"
"30.05.2018","19.440,0","19.440,0","19.700,0","19.420,0","248,13K","0,00%"
"29.05.2018","19.440,0","19.300,0","19.600,0","19.200,0","211,78K","0,73%"
"28.05.2018","19.300,0","19.140,0","19.300,0","19.140,0","100,42K","1,58%"
"25.05.2018","19.000,0","19.000,0","19.340,0","18.940,0","126,80K","0,00%"
"24.05.2018","19.000,0","19.180,0","19.180,0","18.880,0","172,48K","1,06%"
"23.05.2018","18.800,0","18.760,0","19.000,0","18.760,0","126,72K","0,21%"
"22.05.2018","18.760,0","18.700,0","18.760,0","18.540,0","328,87K","0,54%"
"21.05.2018","18.660,0","18.740,0","18.740,0","18.560,0","114,79K","-0,21%"
"18.05.2018","18.700,0","18.740,0","18.940,0","18.460,0","163,09K","-0,74%"
"17.05.2018","18.840,0","19.000,0","19.220,0","18.840,0","183,54K","-0,84%"
"16.05.2018","19.000,0","19.300,0","19.300,0","19.000,0","56,50K","-1,55%"
"15.05.2018","19.300,0","19.360,0","19.360,0","18.980,0","107,35K","0,00%"
"11.05.2018","19.300,0","19.060,0","19.300,0","19.060,0","34,53K","0,10%"
"10.05.2018","19.280,0","19.020,0","19.360,0","19.020,0","93,29K","1,37%"
"09.05.2018","19.020,0","18.940,0","19.280,0","18.900,0","121,76K","0,42%"
"08.05.2018","18.940,0","18.980,0","19.360,0","18.920,0","157,45K","-2,67%"
"07.05.2018","19.460,0","18.920,0","19.460,0","18.920,0","61,58K","0,83%"
"04.05.2018","19.300,0","19.400,0","19.480,0","19.100,0","203,07K","2,99%"
"03.05.2018","18.740,0","19.960,0","19.960,0","18.740,0","445,60K","-6,11%"
"02.05.2018","19.960,0","20.000,0","20.000,0","19.720,0","137,05K","-0,20%"
"30.04.2018","20.000,0","20.120,0","20.200,0","20.000,0","373,14K","-0,60%"
"27.04.2018","20.120,0","19.600,0","20.120,0","19.600,0","116,19K","1,21%"
"26.04.2018","19.880,0","19.960,0","20.000,0","19.680,0","215,14K","-0,30%"
"25.04.2018","19.940,0","19.940,0","20.200,0","19.920,0","78,46K","-2,06%"
"24.04.2018","20.360,0","19.900,0","20.360,0","19.840,0","314,81K","1,70%"
"23.04.2018","20.020,0","19.760,0","20.020,0","19.620,0","286,18K","1,11%"
"20.04.2018","19.800,0","19.620,0","19.800,0","19.500,0","103,19K","-0,50%"
"19.04.2018","19.900,0","19.840,0","19.900,0","19.700,0","99,01K","0,30%"
"18.04.2018","19.840,0","20.100,0","20.100,0","19.760,0","3,21M","0,51%"
"17.04.2018","19.740,0","19.800,0","19.820,0","19.660,0","121,08K","1,13%"
"16.04.2018","19.520,0","19.420,0","19.780,0","19.420,0","28,97K","-0,41%"
"13.04.2018","19.600,0","19.960,0","19.960,0","19.600,0","66,68K","-1,11%"
"12.04.2018","19.820,0","19.840,0","19.880,0","19.360,0","122,44K","-0,10%"
"11.04.2018","19.840,0","20.240,0","20.400,0","19.840,0","521,14K","-1,98%"
"10.04.2018","20.240,0","20.180,0","20.240,0","20.060,0","98,17K","0,20%"
"09.04.2018","20.200,0","19.980,0","20.200,0","19.900,0","231,14K","2,02%"
"06.04.2018","19.800,0","19.260,0","19.800,0","19.260,0","114,20K","2,27%"
"05.04.2018","19.360,0","19.640,0","19.640,0","19.300,0","166,29K","0,52%"
"04.04.2018","19.260,0","19.320,0","19.600,0","19.260,0","149,79K","-0,62%"
"03.04.2018","19.380,0","19.360,0","19.600,0","19.360,0","150,07K","0,10%"
"02.04.2018","19.360,0","19.300,0","19.360,0","18.940,0","183,94K","2,87%"
"28.03.2018","18.820,0","19.200,0","19.400,0","18.820,0","141,53K","-1,98%"
"27.03.2018","19.200,0","18.940,0","19.400,0","18.920,0","73,35K","-0,83%"
"26.03.2018","19.360,0","19.260,0","19.360,0","19.100,0","46,05K","1,26%"
"23.03.2018","19.120,0","19.260,0","19.300,0","19.080,0","174,06K","-0,73%"
"22.03.2018","19.260,0","19.300,0","19.460,0","19.020,0","142,33K","-0,41%"
"21.03.2018","19.340,0","19.260,0","19.560,0","19.200,0","193,95K","1,26%"
"20.03.2018","19.100,0","18.800,0","19.100,0","18.800,0","103,72K","0,53%"
"16.03.2018","19.000,0","18.840,0","19.000,0","18.800,0","721,22K","1,39%"
"15.03.2018","18.740,0","18.800,0","18.880,0","18.620,0","76,06K","-0,32%"
"14.03.2018","18.800,0","19.000,0","19.000,0","18.760,0","137,88K","-1,05%"
"13.03.2018","19.000,0","18.980,0","19.000,0","18.700,0","364,27K","0,11%"
"12.03.2018","18.980,0","19.060,0","19.200,0","18.980,0","92,38K","-0,42%"
"09.03.2018","19.060,0","19.460,0","19.460,0","18.860,0","161,90K","0,32%"
"08.03.2018","19.000,0","19.060,0","19.380,0","19.000,0","214,66K","-1,04%"
"07.03.2018","19.200,0","19.020,0","19.460,0","19.020,0","462,65K","0,95%"
"06.03.2018","19.020,0","19.000,0","19.440,0","18.740,0","193,53K","0,42%"
"05.03.2018","18.940,0","18.700,0","18.940,0","18.520,0","168,66K","2,38%"
"02.03.2018","18.500,0","18.520,0","18.580,0","18.440,0","109,54K","-1,39%"
"01.03.2018","18.760,0","19.300,0","19.300,0","18.760,0","663,99K","-2,90%"
"28.02.2018","19.320,0","19.820,0","20.100,0","19.320,0","630,96K","-4,17%"
"27.02.2018","20.160,0","20.100,0","20.280,0","19.900,0","216,04K","0,20%"
"26.02.2018","20.120,0","20.300,0","20.300,0","20.120,0","111,70K","-1,08%"
"23.02.2018","20.340,0","20.380,0","20.400,0","20.140,0","36,03K","-0,20%"
"22.02.2018","20.380,0","20.600,0","20.740,0","20.360,0","140,68K","-1,07%"
"21.02.2018","20.600,0","20.720,0","20.720,0","20.280,0","159,54K","0,98%"
"20.02.2018","20.400,0","20.260,0","20.460,0","20.260,0","83,69K","0,29%"
"19.02.2018","20.340,0","20.500,0","20.500,0","20.260,0","16,22K","-0,88%"
"16.02.2018","20.520,0","20.320,0","20.720,0","20.320,0","103,51K","1,58%"
"15.02.2018","20.200,0","20.400,0","20.900,0","20.200,0","93,87K","-0,79%"
"14.02.2018","20.360,0","19.900,0","20.360,0","19.900,0","318,07K","2,31%"
"13.02.2018","19.900,0","20.400,0","20.400,0","19.900,0","210,00K","-2,45%"
"12.02.2018","20.400,0","20.040,0","20.480,0","20.040,0","161,49K","1,80%"
"09.02.2018","20.040,0","20.340,0","20.460,0","20.040,0","127,53K","-1,76%"
"08.02.2018","20.400,0","20.720,0","20.720,0","20.400,0","90,19K","-0,49%"
"07.02.2018","20.500,0","20.920,0","20.920,0","20.500,0","106,20K","-0,97%"
"06.02.2018","20.700,0","20.660,0","21.140,0","20.660,0","254,12K","-1,05%"
"05.02.2018","20.920,0","21.300,0","21.300,0","20.920,0","342,96K","-1,78%"
"02.02.2018","21.300,0","21.200,0","21.300,0","20.860,0","498,72K","0,47%"
"01.02.2018","21.200,0","21.160,0","21.200,0","20.840,0","334,56K","2,71%"
"31.01.2018","20.640,0","21.300,0","21.300,0","20.640,0","353,25K","-3,10%"
"30.01.2018","21.300,0","21.360,0","21.360,0","21.120,0","91,73K","-0,47%"
"29.01.2018","21.400,0","21.120,0","21.400,0","21.080,0","140,14K","1,33%"
"26.01.2018","21.120,0","21.200,0","21.200,0","20.960,0","170,12K","-0,38%"
"25.01.2018","21.200,0","21.320,0","21.320,0","21.000,0","189,29K","-0,56%"
"24.01.2018","21.320,0","21.280,0","21.400,0","21.160,0","387,00K","0,19%"
"23.01.2018","21.280,0","20.980,0","21.280,0","20.980,0","610,73K","1,33%"
"22.01.2018","21.000,0","20.700,0","21.000,0","20.700,0","321,09K","0,38%"
"19.01.2018","20.920,0","20.780,0","20.920,0","20.700,0","108,75K","0,67%"
"18.01.2018","20.780,0","20.780,0","20.780,0","20.640,0","120,70K","0,00%"
"17.01.2018","20.780,0","20.600,0","20.860,0","20.600,0","153,05K","-0,10%"
"16.01.2018","20.800,0","20.580,0","20.800,0","20.580,0","171,70K","1,07%"
"15.01.2018","20.580,0","20.520,0","20.800,0","20.520,0","36,58K","-0,96%"
"12.01.2018","20.780,0","20.760,0","20.780,0","20.540,0","149,53K","0,10%"
"11.01.2018","20.760,0","20.520,0","20.760,0","20.500,0","38,14K","0,78%"
"10.01.2018","20.600,0","20.800,0","20.800,0","20.600,0","58,49K","-1,34%"
"09.01.2018","20.880,0","20.880,0","20.880,0","20.720,0","101,92K","0,00%"
"05.01.2018","20.880,0","20.860,0","21.000,0","20.760,0","204,22K","-0,10%"
"04.01.2018","20.900,0","20.580,0","20.900,0","20.580,0","102,59K","1,55%"
"03.01.2018","20.580,0","20.200,0","20.720,0","20.200,0","14,44K","-0,96%"
"02.01.2018","20.780,0","20.840,0","20.840,0","20.540,0","11,18K","-0,48%"
"28.12.2017","20.880,0","20.580,0","20.880,0","20.580,0","125,33K","1,16%"
"27.12.2017","20.640,0","20.700,0","20.760,0","20.500,0","73,77K","0,29%"
"26.12.2017","20.580,0","20.340,0","20.820,0","20.340,0","253,42K","-0,96%"
"22.12.2017","20.780,0","20.600,0","20.780,0","20.600,0","1,26M","0,48%"
"21.12.2017","20.680,0","20.600,0","20.800,0","20.540,0","189,91K","0,58%"
"20.12.2017","20.560,0","20.380,0","20.640,0","20.320,0","705,86K","0,88%"
"19.12.2017","20.380,0","20.400,0","20.480,0","20.360,0","633,68K","-0,10%"
"18.12.2017","20.400,0","20.460,0","20.460,0","20.260,0","197,76K","-0,29%"
"15.12.2017","20.460,0","20.400,0","20.500,0","20.140,0","812,46K","-0,49%"
"14.12.2017","20.560,0","20.260,0","20.560,0","20.260,0","282,19K","1,08%"
"13.12.2017","20.340,0","20.280,0","20.420,0","20.280,0","590,63K","0,20%"
"12.12.2017","20.300,0","20.420,0","20.420,0","20.200,0","350,78K","-0,88%"
"11.12.2017","20.480,0","20.300,0","20.500,0","20.300,0","141,80K","0,39%"
"07.12.2017","20.400,0","20.300,0","20.580,0","20.300,0","143,66K","-0,10%"
"06.12.2017","20.420,0","20.400,0","20.460,0","20.240,0","515,17K","-0,29%"
"05.12.2017","20.480,0","20.460,0","20.480,0","20.380,0","47,21K","0,10%"
"04.12.2017","20.460,0","20.280,0","20.460,0","20.280,0","32,76K","0,79%"
"01.12.2017","20.300,0","20.480,0","20.480,0","20.260,0","305,53K","-0,88%"
"30.11.2017","20.480,0","20.280,0","20.480,0","20.260,0","582,50K","1,09%"
"29.11.2017","20.260,0","20.460,0","20.500,0","20.260,0","319,66K","-1,07%"
"28.11.2017","20.480,0","20.260,0","20.480,0","20.200,0","163,65K","0,49%"
"27.11.2017","20.380,0","20.380,0","20.420,0","20.280,0","106,37K","0,00%"
"24.11.2017","20.380,0","20.400,0","20.460,0","20.340,0","68,82K","-0,10%"
"23.11.2017","20.400,0","20.400,0","20.420,0","20.360,0","18,51K","-0,20%"
"22.11.2017","20.440,0","20.240,0","20.440,0","20.240,0","81,20K","0,99%"
"21.11.2017","20.240,0","20.100,0","20.440,0","20.100,0","65,13K","-0,78%"
"20.11.2017","20.400,0","20.040,0","20.460,0","20.040,0","40,64K","0,49%"
"17.11.2017","20.300,0","20.320,0","20.400,0","20.260,0","46,26K","-0,10%"
"16.11.2017","20.320,0","20.300,0","20.400,0","20.260,0","342,68K","0,00%"
"15.11.2017","20.320,0","20.100,0","20.400,0","20.100,0","195,10K","1,70%"
"14.11.2017","19.980,0","20.040,0","20.400,0","19.980,0","232,41K","-0,30%"
"10.11.2017","20.040,0","20.120,0","20.180,0","20.040,0","87,39K","-0,89%"
"09.11.2017","20.220,0","20.300,0","20.400,0","20.160,0","146,90K","0,30%"
"08.11.2017","20.160,0","20.060,0","20.160,0","20.060,0","19,82K","-1,56%"
"07.11.2017","20.480,0","19.100,0","20.480,0","19.100,0","69,16K","2,50%"
"03.11.2017","19.980,0","20.100,0","20.100,0","19.900,0","163,70K","-0,50%"
"02.11.2017","20.080,0","20.020,0","20.360,0","20.020,0","65,45K","-1,08%"
"01.11.2017","20.300,0","19.920,0","20.300,0","19.920,0","200,23K","2,32%"
"31.10.2017","19.840,0","20.240,0","20.320,0","19.840,0","580,44K","-3,60%"
"30.10.2017","20.580,0","20.360,0","20.580,0","20.100,0","99,16K","1,08%"
"27.10.2017","20.360,0","20.460,0","20.480,0","20.360,0","358,39K","-0,68%"
"26.10.2017","20.500,0","20.620,0","20.680,0","20.460,0","415,85K","-1,25%"
"25.10.2017","20.760,0","20.480,0","20.760,0","20.480,0","213,81K","1,67%"
"24.10.2017","20.420,0","20.420,0","20.600,0","20.420,0","262,04K","0,10%"
"23.10.2017","20.400,0","20.600,0","20.700,0","20.400,0","450,62K","-1,07%"
"20.10.2017","20.620,0","20.680,0","20.780,0","20.620,0","204,82K","-0,48%"
"19.10.2017","20.720,0","20.800,0","20.920,0","20.680,0","189,70K","-0,38%"
"18.10.2017","20.800,0","21.060,0","21.080,0","20.800,0","100,66K","-0,38%"
"17.10.2017","20.880,0","20.840,0","20.980,0","20.820,0","369,16K","-0,48%"
"13.10.2017","20.980,0","20.980,0","21.040,0","20.800,0","216,78K","0,48%"
"12.10.2017","20.880,0","21.100,0","21.100,0","20.880,0","83,21K","-1,04%"
"11.10.2017","21.100,0","21.000,0","21.100,0","20.920,0","122,65K","0,48%"
"10.10.2017","21.000,0","21.120,0","21.160,0","21.000,0","149,25K","-0,47%"
"09.10.2017","21.100,0","21.120,0","21.120,0","21.020,0","42,70K","0,00%"
"06.10.2017","21.100,0","21.000,0","21.100,0","20.980,0","119,30K","0,67%"
"05.10.2017","20.960,0","20.820,0","21.060,0","20.820,0","53,22K","0,58%"
"04.10.2017","20.840,0","20.800,0","20.900,0","20.760,0","97,28K","0,00%"
"03.10.2017","20.840,0","21.120,0","21.120,0","20.800,0","190,49K","-1,33%"
"02.10.2017","21.120,0","21.120,0","21.160,0","21.000,0","190,11K","0,00%"
"29.09.2017","21.120,0","21.000,0","21.120,0","20.940,0","697,36K","0,57%"
"28.09.2017","21.000,0","21.100,0","21.180,0","21.000,0","882,98K","-0,10%"
"27.09.2017","21.020,0","20.780,0","21.020,0","20.780,0","808,09K","1,25%"
"26.09.2017","20.760,0","20.620,0","20.760,0","20.620,0","56,79K","0,58%"
"25.09.2017","20.640,0","20.700,0","20.720,0","20.620,0","783,28K","-0,29%"
"22.09.2017","20.700,0","20.780,0","20.800,0","20.700,0","395,14K","-0,48%"
"21.09.2017","20.800,0","20.960,0","21.100,0","20.780,0","364,82K","-0,95%"
"20.09.2017","21.000,0","21.180,0","21.220,0","20.960,0","530,47K","-0,85%"
"19.09.2017","21.180,0","21.240,0","21.300,0","21.120,0","298,99K","-0,19%"
"18.09.2017","21.220,0","20.820,0","21.220,0","20.820,0","2,94M","2,12%"
"15.09.2017","20.780,0","20.780,0","20.920,0","20.640,0","9,44M","-0,10%"
"14.09.2017","20.800,0","20.680,0","20.800,0","20.520,0","459,87K","1,17%"
"13.09.2017","20.560,0","20.680,0","20.680,0","20.520,0","257,94K","0,29%"
"12.09.2017","20.500,0","20.800,0","20.800,0","20.440,0","754,95K","-1,35%"
"11.09.2017","20.780,0","21.100,0","21.100,0","20.780,0","152,74K","-0,86%"
"08.09.2017","20.960,0","20.740,0","20.980,0","20.740,0","207,34K","1,06%"
"07.09.2017","20.740,0","20.820,0","20.860,0","20.740,0","95,22K","-0,38%"
"06.09.2017","20.820,0","20.980,0","21.100,0","20.800,0","104,74K","-0,29%"
"05.09.2017","20.880,0","20.660,0","20.900,0","20.640,0","251,24K","1,06%"
"04.09.2017","20.660,0","20.540,0","20.700,0","20.460,0","142,89K","0,39%"
"01.09.2017","20.580,0","20.880,0","20.940,0","20.340,0","678,44K","-1,91%"
"31.08.2017","20.980,0","21.400,0","21.400,0","20.900,0","1,87M","-2,51%"
"30.08.2017","21.520,0","21.740,0","21.740,0","21.500,0","71,09K","-1,19%"
"29.08.2017","21.780,0","21.860,0","21.860,0","21.600,0","120,89K","-0,46%"
"28.08.2017","21.880,0","21.580,0","21.880,0","21.480,0","81,80K","0,37%"
"25.08.2017","21.800,0","21.700,0","21.800,0","21.680,0","111,07K","0,55%"
"24.08.2017","21.680,0","21.680,0","21.680,0","21.380,0","86,03K","0,65%"
"23.08.2017","21.540,0","21.540,0","21.700,0","21.540,0","55,20K","-1,10%"
"22.08.2017","21.780,0","21.580,0","21.840,0","21.580,0","139,25K","1,68%"
"18.08.2017","21.420,0","21.300,0","21.580,0","21.300,0","16,97K","0,56%"
"17.08.2017","21.300,0","21.420,0","21.800,0","21.300,0","284,62K","-0,56%"
"16.08.2017","21.420,0","21.200,0","21.500,0","21.200,0","229,26K","1,32%"
"15.08.2017","21.140,0","20.920,0","21.300,0","20.900,0","31,78K","0,76%"
"14.08.2017","20.980,0","21.080,0","21.100,0","20.980,0","178,23K","-1,04%"
"11.08.2017","21.200,0","21.360,0","21.360,0","21.200,0","64,67K","-0,75%"
"10.08.2017","21.360,0","21.300,0","21.420,0","21.160,0","44,57K","0,28%"
"09.08.2017","21.300,0","21.220,0","21.300,0","21.100,0","163,91K","-0,56%"
"08.08.2017","21.420,0","21.400,0","21.420,0","21.240,0","83,17K","0,28%"
"04.08.2017","21.360,0","21.520,0","21.600,0","21.360,0","47,48K","-0,47%"
"03.08.2017","21.460,0","21.460,0","21.600,0","21.460,0","157,47K","-0,09%"
"02.08.2017","21.480,0","21.260,0","21.480,0","21.260,0","50,04K","1,03%"
"01.08.2017","21.260,0","21.260,0","21.420,0","21.260,0","74,44K","-1,02%"
"31.07.2017","21.480,0","21.480,0","21.480,0","21.140,0","396,03K","0,00%"
"28.07.2017","21.480,0","21.440,0","21.560,0","21.400,0","144,89K","-0,56%"
"27.07.2017","21.600,0","21.460,0","21.700,0","21.300,0","173,91K","0,65%"
"26.07.2017","21.460,0","21.380,0","21.460,0","21.340,0","83,25K","0,66%"
"25.07.2017","21.320,0","21.340,0","21.480,0","21.280,0","301,72K","0,09%"
"24.07.2017","21.300,0","21.020,0","21.300,0","21.020,0","186,80K","0,47%"
"21.07.2017","21.200,0","21.100,0","21.280,0","21.100,0","19,48K","0,47%"
"19.07.2017","21.100,0","21.180,0","21.240,0","21.080,0","114,13K","-0,38%"
"18.07.2017","21.180,0","21.120,0","21.180,0","21.100,0","58,93K","-0,66%"
"17.07.2017","21.320,0","21.200,0","21.340,0","21.100,0","140,86K","0,57%"
"14.07.2017","21.200,0","21.120,0","21.200,0","21.100,0","114,95K","-0,47%"
"13.07.2017","21.300,0","21.180,0","21.300,0","21.100,0","342,74K","0,57%"
"12.07.2017","21.180,0","21.040,0","21.180,0","20.920,0","186,25K","1,34%"
"11.07.2017","20.900,0","20.960,0","21.180,0","20.900,0","85,32K","-1,04%"
"10.07.2017","21.120,0","20.980,0","21.120,0","20.960,0","27,66K","-0,28%"
"07.07.2017","21.180,0","21.160,0","21.200,0","21.160,0","26,83K","-0,09%"
"06.07.2017","21.200,0","20.940,0","21.200,0","20.900,0","134,32K","0,66%"
"05.07.2017","21.060,0","20.880,0","21.200,0","20.800,0","296,24K","0,77%"
"04.07.2017","20.900,0","20.540,0","20.980,0","20.540,0","66,59K","0,77%"
"30.06.2017","20.740,0","20.880,0","21.000,0","20.600,0","353,10K","-0,67%"
"29.06.2017","20.880,0","20.900,0","20.900,0","20.700,0","57,86K","0,10%"
"28.06.2017","20.860,0","20.620,0","20.960,0","20.620,0","21,83K","1,16%"
"27.06.2017","20.620,0","20.660,0","20.780,0","20.400,0","253,21K","-1,15%"
"23.06.2017","20.860,0","21.000,0","21.200,0","20.860,0","74,45K","-1,60%"
"22.06.2017","21.200,0","21.000,0","21.380,0","20.820,0","100,38K","0,95%"
"21.06.2017","21.000,0","20.820,0","21.000,0","20.520,0","337,39K","0,29%"
"20.06.2017","20.940,0","21.380,0","21.380,0","20.900,0","97,50K","-2,15%"
"16.06.2017","21.400,0","21.240,0","21.400,0","21.200,0","224,69K","0,75%"
"15.06.2017","21.240,0","21.040,0","21.280,0","21.040,0","47,85K","-0,75%"
"14.06.2017","21.400,0","20.900,0","21.400,0","20.900,0","151,85K","1,90%"
"13.06.2017","21.000,0","20.940,0","21.060,0","20.880,0","88,28K","-0,10%"
"12.06.2017","21.020,0","21.180,0","21.180,0","21.020,0","74,67K","-1,04%"
"09.06.2017","21.240,0","21.000,0","21.240,0","20.900,0","84,86K","0,95%"
"08.06.2017","21.040,0","21.360,0","21.360,0","21.040,0","282,25K","-1,59%"
"07.06.2017","21.380,0","21.200,0","21.380,0","21.100,0","153,23K","1,62%"
"06.06.2017","21.040,0","21.020,0","21.200,0","21.020,0","88,05K","-0,75%"
"05.06.2017","21.200,0","20.560,0","21.200,0","20.560,0","128,47K","0,00%"
"02.06.2017","21.200,0","20.940,0","21.220,0","20.940,0","66,12K","0,95%"
"01.06.2017","21.000,0","21.100,0","21.100,0","20.940,0","168,38K","0,29%"
"31.05.2017","20.940,0","21.420,0","21.420,0","20.820,0","823,08K","-1,41%"
"30.05.2017","21.240,0","21.220,0","21.380,0","21.040,0","89,80K","-0,75%"
"26.05.2017","21.400,0","21.220,0","21.400,0","21.180,0","256,82K","0,85%"
"25.05.2017","21.220,0","20.960,0","21.300,0","20.960,0","195,97K","0,47%"
"24.05.2017","21.120,0","21.000,0","21.220,0","20.960,0","339,70K","0,57%"
"23.05.2017","21.000,0","20.660,0","21.000,0","20.620,0","247,90K","1,65%"
"22.05.2017","20.660,0","20.560,0","20.800,0","20.560,0","122,48K","-0,39%"
"19.05.2017","20.740,0","20.780,0","20.920,0","20.740,0","165,09K","0,97%"
"18.05.2017","20.540,0","20.380,0","20.740,0","20.260,0","141,21K","-1,25%"
"17.05.2017","20.800,0","20.820,0","20.840,0","20.620,0","385,79K","-0,86%"
"16.05.2017","20.980,0","20.760,0","21.180,0","20.740,0","221,88K","-1,32%"
"15.05.2017","21.260,0","21.200,0","21.420,0","21.160,0","474,54K","0,28%"
"12.05.2017","21.200,0","20.700,0","21.480,0","20.680,0","611,35K","1,92%"
"11.05.2017","20.800,0","20.600,0","20.900,0","20.600,0","138,92K","0,48%"
"10.05.2017","20.700,0","20.700,0","20.900,0","20.500,0","276,45K","-0,29%"
"09.05.2017","20.760,0","20.620,0","21.000,0","20.620,0","317,79K","-0,19%"
"08.05.2017","20.800,0","20.500,0","20.860,0","20.500,0","220,62K","1,46%"
"05.05.2017","20.500,0","20.280,0","20.500,0","20.280,0","276,70K","1,59%"
"04.05.2017","20.180,0","20.060,0","20.280,0","20.060,0","272,01K","-0,10%"
"03.05.2017","20.200,0","20.300,0","20.300,0","20.200,0","66,87K","-0,49%"
"02.05.2017","20.300,0","20.480,0","20.500,0","20.240,0","144,95K","-0,49%"
"28.04.2017","20.400,0","20.320,0","20.480,0","20.280,0","237,65K","0,49%"
"27.04.2017","20.300,0","20.240,0","20.540,0","20.240,0","169,85K","-0,98%"
"26.04.2017","20.500,0","20.580,0","20.700,0","20.400,0","164,01K","-0,39%"
"25.04.2017","20.580,0","20.260,0","20.580,0","20.260,0","223,12K","1,58%"
"24.04.2017","20.260,0","20.400,0","20.400,0","20.240,0","63,93K","-0,69%"
"21.04.2017","20.400,0","20.280,0","20.400,0","20.200,0","111,59K","0,00%"
"20.04.2017","20.400,0","20.380,0","20.400,0","20.360,0","118,72K","-0,10%"
"19.04.2017","20.420,0","20.400,0","20.420,0","20.280,0","193,78K","0,10%"
"18.04.2017","20.400,0","20.240,0","20.400,0","20.240,0","119,33K","0,20%"
"17.04.2017","20.360,0","20.280,0","20.460,0","20.240,0","65,13K","-0,39%"
"12.04.2017","20.440,0","20.300,0","20.500,0","20.300,0","237,69K","0,79%"
"11.04.2017","20.280,0","20.300,0","20.420,0","20.280,0","131,49K","-0,39%"
"10.04.2017","20.360,0","20.200,0","20.460,0","20.200,0","65,04K","-0,20%"
"07.04.2017","20.400,0","20.240,0","20.420,0","20.220,0","251,73K","-0,10%"
"06.04.2017","20.420,0","20.240,0","20.460,0","20.220,0","93,28K","-0,29%"
"05.04.2017","20.480,0","20.220,0","20.480,0","20.140,0","156,14K","1,29%"
"04.04.2017","20.220,0","20.140,0","20.260,0","20.120,0","114,69K","-0,20%"
"03.04.2017","20.260,0","20.060,0","20.280,0","20.060,0","190,07K","0,10%"
"31.03.2017","20.240,0","20.240,0","20.240,0","20.060,0","180,15K","-0,10%"
"30.03.2017","20.260,0","20.120,0","20.420,0","20.120,0","306,10K","0,60%"
"29.03.2017","20.140,0","19.960,0","20.140,0","19.920,0","145,76K","0,90%"
"28.03.2017","19.960,0","19.980,0","19.980,0","19.880,0","103,63K","-0,10%"
"27.03.2017","19.980,0","20.000,0","20.000,0","19.880,0","64,56K","-0,10%"
"24.03.2017","20.000,0","20.020,0","20.100,0","19.920,0","100,20K","-0,79%"
"23.03.2017","20.160,0","19.620,0","20.160,0","19.620,0","309,80K","1,00%"
"22.03.2017","19.960,0","19.900,0","20.000,0","19.820,0","164,91K","0,30%"
"21.03.2017","19.900,0","19.840,0","20.100,0","19.800,0","169,85K","-0,50%"
"17.03.2017","20.000,0","20.160,0","20.300,0","20.000,0","1,56M","-0,70%"
"16.03.2017","20.140,0","19.780,0","20.140,0","19.780,0","526,67K","2,03%"
"15.03.2017","19.740,0","19.640,0","19.860,0","19.640,0","81,96K","0,51%"
"14.03.2017","19.640,0","19.900,0","19.940,0","19.640,0","161,28K","-1,60%"
"13.03.2017","19.960,0","19.900,0","19.960,0","19.820,0","96,41K","0,30%"
"10.03.2017","19.900,0","19.460,0","19.920,0","19.460,0","123,22K","0,00%"
"09.03.2017","19.900,0","19.760,0","19.900,0","19.760,0","207,73K","0,71%"
"08.03.2017","19.760,0","19.600,0","19.960,0","19.600,0","3,88M","-0,80%"
"07.03.2017","19.920,0","19.740,0","19.980,0","19.740,0","168,91K","0,40%"
"06.03.2017","19.840,0","19.760,0","19.840,0","19.660,0","43,88K","-0,10%"
"03.03.2017","19.860,0","19.900,0","19.980,0","19.800,0","52,46K","0,30%"
"02.03.2017","19.800,0","19.820,0","20.020,0","19.760,0","418,19K","-0,40%"
"01.03.2017","19.880,0","19.680,0","19.900,0","19.680,0","59,31K","0,61%"
"28.02.2017","19.760,0","19.860,0","19.900,0","19.700,0","2,29M","-0,60%"
"27.02.2017","19.880,0","19.680,0","19.880,0","19.680,0","86,14K","0,10%"
"24.02.2017","19.860,0","19.800,0","19.860,0","19.700,0","60,42K","0,30%"
"23.02.2017","19.800,0","19.660,0","19.800,0","19.520,0","262,77K","1,12%"
"22.02.2017","19.580,0","19.580,0","19.700,0","19.580,0","89,90K","-0,91%"
"21.02.2017","19.760,0","19.480,0","19.760,0","19.460,0","102,15K","0,51%"
"20.02.2017","19.660,0","19.500,0","19.740,0","19.500,0","5,35K","-0,20%"
"17.02.2017","19.700,0","19.420,0","19.780,0","19.420,0","326,54K","0,20%"
"16.02.2017","19.660,0","19.440,0","19.660,0","19.440,0","119,60K","1,13%"
"15.02.2017","19.440,0","19.320,0","19.500,0","19.320,0","222,57K","0,83%"
"14.02.2017","19.280,0","19.220,0","19.600,0","19.200,0","230,52K","-1,63%"
"13.02.2017","19.600,0","19.200,0","19.600,0","19.200,0","108,95K","1,98%"
"10.02.2017","19.220,0","19.200,0","19.640,0","19.200,0","158,92K","-0,10%"
"09.02.2017","19.240,0","19.640,0","19.680,0","19.240,0","130,49K","-1,33%"
"08.02.2017","19.500,0","19.860,0","19.880,0","19.320,0","447,28K","-2,01%"
"07.02.2017","19.900,0","19.940,0","19.940,0","19.820,0","64,61K","-0,20%"
"06.02.2017","19.940,0","19.780,0","19.940,0","19.780,0","106,25K","0,20%"
"03.02.2017","19.900,0","19.800,0","19.900,0","19.700,0","75,62K","0,51%"
"02.02.2017","19.800,0","19.340,0","19.800,0","19.340,0","231,17K","1,54%"
"01.02.2017","19.500,0","19.360,0","19.660,0","19.360,0","120,24K","0,72%"
"31.01.2017","19.360,0","19.420,0","19.600,0","19.360,0","749,11K","-0,31%"
"30.01.2017","19.420,0","19.540,0","19.600,0","19.420,0","101,91K","-0,92%"
"27.01.2017","19.600,0","19.720,0","19.980,0","19.600,0","134,27K","-0,41%"
"26.01.2017","19.680,0","19.600,0","19.720,0","19.500,0","123,72K","0,41%"
"25.01.2017","19.600,0","19.740,0","19.740,0","19.540,0","174,44K","-0,91%"
"24.01.2017","19.780,0","19.460,0","19.800,0","19.420,0","184,12K","2,17%"
"23.01.2017","19.360,0","19.440,0","19.500,0","19.320,0","103,71K","-0,62%"
"20.01.2017","19.480,0","19.260,0","19.480,0","19.260,0","102,74K","0,21%"
"19.01.2017","19.440,0","19.320,0","19.480,0","19.320,0","91,52K","-0,31%"
"18.01.2017","19.500,0","19.460,0","19.500,0","19.200,0","43,78K","0,21%"
"17.01.2017","19.460,0","19.500,0","19.540,0","19.380,0","51,96K","0,72%"
"16.01.2017","19.320,0","19.600,0","19.600,0","19.240,0","37,44K","-1,43%"
"13.01.2017","19.600,0","19.500,0","19.600,0","19.460,0","40,19K","0,51%"
"12.01.2017","19.500,0","19.600,0","19.600,0","19.480,0","157,22K","-0,10%"
"11.01.2017","19.520,0","19.680,0","19.720,0","19.520,0","242,74K","-0,81%"
"10.01.2017","19.680,0","19.200,0","19.740,0","19.200,0","117,22K","-0,30%"
"06.01.2017","19.740,0","19.620,0","19.740,0","19.600,0","135,66K","0,30%"
"05.01.2017","19.680,0","19.680,0","19.680,0","19.500,0","232,11K","-0,10%"
"04.01.2017","19.700,0","19.140,0","19.700,0","19.140,0","141,76K","3,03%"
"03.01.2017","19.120,0","19.020,0","19.300,0","19.020,0","25,93K","0,63%"
"02.01.2017","19.000,0","19.000,0","19.000,0","19.000,0","3,55K","-1,45%"
"29.12.2016","19.280,0","19.500,0","19.500,0","19.000,0","116,16K","-1,13%"
"28.12.2016","19.500,0","18.800,0","19.500,0","18.800,0","101,41K","3,72%"
"27.12.2016","18.800,0","18.720,0","19.120,0","18.720,0","14,26K","-1,57%"
"26.12.2016","19.100,0","18.900,0","19.100,0","18.880,0","60,60K","1,06%"
"23.12.2016","18.900,0","19.180,0","19.200,0","18.860,0","79,48K","0,00%"
"22.12.2016","18.900,0","18.800,0","18.900,0","18.620,0","228,34K","0,53%"
"21.12.2016","18.800,0","18.780,0","18.820,0","18.660,0","157,36K","0,86%"
"20.12.2016","18.640,0","18.700,0","18.800,0","18.640,0","202,35K","-0,11%"
"19.12.2016","18.660,0","18.420,0","18.700,0","18.420,0","264,17K","1,08%"
"16.12.2016","18.460,0","18.700,0","18.700,0","18.460,0","362,41K","-1,28%"
"15.12.2016","18.700,0","18.760,0","18.760,0","18.600,0","113,43K","0,00%"
"14.12.2016","18.700,0","18.520,0","18.780,0","18.520,0","162,07K","-0,85%"
"13.12.2016","18.860,0","18.660,0","18.860,0","18.440,0","2,23M","2,50%"
"12.12.2016","18.400,0","18.440,0","18.500,0","18.280,0","79,95K","-0,43%"
"09.12.2016","18.480,0","18.240,0","18.480,0","18.240,0","166,43K","1,32%"
"07.12.2016","18.240,0","18.520,0","18.520,0","18.240,0","65,05K","-1,72%"
"06.12.2016","18.560,0","18.540,0","18.600,0","18.500,0","135,66K","0,11%"
"05.12.2016","18.540,0","18.300,0","18.600,0","18.300,0","85,76K","1,09%"
"02.12.2016","18.340,0","18.280,0","18.540,0","18.280,0","55,35K","0,22%"
"01.12.2016","18.300,0","18.020,0","18.380,0","18.020,0","209,04K","1,55%"
"30.11.2016","18.020,0","18.220,0","18.400,0","18.020,0","908,56K","-0,99%"
"29.11.2016","18.200,0","18.460,0","18.500,0","18.200,0","192,39K","-1,62%"
"28.11.2016","18.500,0","18.600,0","18.600,0","18.380,0","205,05K","0,87%"
"25.11.2016","18.340,0","18.900,0","18.900,0","18.340,0","128,44K","-2,96%"
"24.11.2016","18.900,0","18.740,0","19.000,0","18.740,0","60,93K","0,85%"
"23.11.2016","18.740,0","18.740,0","19.000,0","18.680,0","159,13K","-1,37%"
"22.11.2016","19.000,0","18.980,0","19.000,0","18.800,0","326,46K","0,00%"
"21.11.2016","19.000,0","18.800,0","19.000,0","18.760,0","68,11K","1,06%"
"18.11.2016","18.800,0","18.940,0","18.940,0","18.700,0","151,85K","0,32%"
"17.11.2016","18.740,0","18.900,0","18.940,0","18.520,0","405,88K","-0,21%"
"16.11.2016","18.780,0","18.480,0","18.780,0","18.140,0","298,59K","2,85%"
"15.11.2016","18.260,0","18.100,0","19.000,0","18.100,0","304,02K","0,33%"
"11.11.2016","18.200,0","18.720,0","18.720,0","18.100,0","308,37K","-2,78%"
"10.11.2016","18.720,0","18.940,0","18.980,0","18.720,0","317,53K","-2,40%"
"09.11.2016","19.180,0","18.800,0","19.200,0","18.800,0","198,85K","0,42%"
"08.11.2016","19.100,0","18.900,0","19.300,0","18.900,0","246,29K","1,06%"
"04.11.2016","18.900,0","18.920,0","18.920,0","18.800,0","208,13K","-0,11%"
"03.11.2016","18.920,0","19.220,0","19.300,0","18.900,0","147,83K","-2,47%"
"02.11.2016","19.400,0","19.400,0","19.660,0","19.400,0","172,00K","0,00%"
"01.11.2016","19.400,0","19.500,0","19.500,0","19.400,0","100,00K","-0,51%"
"31.10.2016","19.500,0","19.000,0","19.500,0","19.000,0","346,17K","1,67%"
"28.10.2016","19.180,0","19.100,0","19.180,0","18.900,0","82,42K","1,05%"
"27.10.2016","18.980,0","18.820,0","18.980,0","18.780,0","138,14K","1,06%"
"26.10.2016","18.780,0","18.780,0","18.880,0","18.700,0","95,51K","0,00%"
"25.10.2016","18.780,0","18.800,0","18.820,0","18.720,0","107,97K","-0,11%"
"24.10.2016","18.800,0","18.900,0","18.900,0","18.800,0","90,89K","-1,05%"
"21.10.2016","19.000,0","19.000,0","19.000,0","18.820,0","35,17K","0,74%"
"20.10.2016","18.860,0","19.000,0","19.100,0","18.860,0","180,30K","-1,15%"
"19.10.2016","19.080,0","19.000,0","19.180,0","19.000,0","170,48K","0,42%"
"18.10.2016","19.000,0","18.720,0","19.000,0","18.720,0","118,76K","1,82%"
"14.10.2016","18.660,0","18.800,0","18.800,0","18.660,0","82,76K","-2,51%"
"13.10.2016","19.140,0","19.120,0","19.340,0","19.120,0","172,07K","-0,83%"
"12.10.2016","19.300,0","19.320,0","19.460,0","19.180,0","425,40K","-0,52%"
"11.10.2016","19.400,0","18.640,0","19.400,0","18.640,0","110,31K","1,15%"
"10.10.2016","19.180,0","18.960,0","19.180,0","18.960,0","87,12K","1,05%"
"07.10.2016","18.980,0","18.900,0","18.980,0","18.900,0","133,98K","0,96%"
"06.10.2016","18.800,0","18.760,0","18.880,0","18.720,0","321,98K","0,97%"
"05.10.2016","18.620,0","18.280,0","18.680,0","18.280,0","271,29K","1,86%"
"04.10.2016","18.280,0","18.440,0","18.500,0","18.280,0","155,79K","-0,87%"
"03.10.2016","18.440,0","18.560,0","18.620,0","18.400,0","132,50K","-0,97%"
"30.09.2016","18.620,0","18.960,0","19.000,0","18.620,0","210,03K","-2,72%"
"29.09.2016","19.140,0","19.000,0","19.140,0","18.860,0","295,45K","0,53%"
"28.09.2016","19.040,0","19.060,0","19.140,0","18.920,0","382,75K","-0,10%"
"27.09.2016","19.060,0","19.380,0","19.380,0","19.060,0","222,88K","-2,36%"
"26.09.2016","19.520,0","19.240,0","19.520,0","19.200,0","159,74K","0,83%"
"23.09.2016","19.360,0","19.540,0","19.540,0","19.240,0","126,71K","-0,72%"
"22.09.2016","19.500,0","19.300,0","19.600,0","19.280,0","224,51K","2,09%"
"21.09.2016","19.100,0","18.920,0","19.120,0","18.700,0","207,29K","0,10%"
"20.09.2016","19.080,0","19.160,0","19.240,0","18.960,0","185,55K","-0,42%"
"19.09.2016","19.160,0","19.220,0","19.380,0","19.160,0","287,73K","-0,21%"
"16.09.2016","19.200,0","19.800,0","19.800,0","19.060,0","798,32K","-2,44%"
"15.09.2016","19.680,0","19.860,0","19.900,0","19.680,0","174,65K","-1,01%"
"14.09.2016","19.880,0","19.040,0","19.880,0","18.860,0","363,39K","2,05%"
"13.09.2016","19.480,0","19.500,0","19.600,0","19.300,0","61,99K","-1,91%"
"12.09.2016","19.860,0","20.000,0","20.080,0","19.860,0","186,66K","-1,10%"
"09.09.2016","20.080,0","20.460,0","20.460,0","20.080,0","91,62K","-1,86%"
"08.09.2016","20.460,0","20.580,0","20.600,0","20.340,0","271,92K","-0,10%"
"07.09.2016","20.480,0","20.280,0","20.580,0","20.280,0","503,48K","0,59%"
"06.09.2016","20.360,0","20.360,0","20.360,0","20.000,0","203,71K","0,79%"
"05.09.2016","20.200,0","19.980,0","20.380,0","19.980,0","199,56K","1,00%"
"02.09.2016","20.000,0","19.800,0","20.000,0","19.800,0","265,80K","1,01%"
"01.09.2016","19.800,0","19.560,0","19.800,0","19.560,0","86,75K","0,41%"
"31.08.2016","19.720,0","19.600,0","19.800,0","19.600,0","433,23K","1,13%"
"30.08.2016","19.500,0","19.700,0","19.700,0","19.440,0","254,13K","0,41%"
"29.08.2016","19.420,0","19.500,0","19.620,0","19.380,0","250,83K","-1,12%"
"26.08.2016","19.640,0","19.800,0","19.800,0","19.540,0","111,97K","-0,30%"
"25.08.2016","19.700,0","19.600,0","19.920,0","19.600,0","267,23K","0,51%"
"24.08.2016","19.600,0","19.400,0","19.680,0","19.400,0","373,59K","1,14%"
"23.08.2016","19.380,0","19.220,0","19.400,0","19.220,0","124,97K","0,83%"
"22.08.2016","19.220,0","19.300,0","19.460,0","19.200,0","92,19K","-1,23%"
"19.08.2016","19.460,0","19.340,0","19.520,0","19.300,0","45,91K","-0,21%"
"18.08.2016","19.500,0","19.320,0","19.500,0","19.300,0","123,22K","0,83%"
"17.08.2016","19.340,0","19.120,0","19.480,0","19.120,0","179,18K","0,52%"
"16.08.2016","19.240,0","18.540,0","19.300,0","18.540,0","265,37K","2,23%"
"12.08.2016","18.820,0","18.900,0","19.000,0","18.820,0","137,70K","-0,95%"
"11.08.2016","19.000,0","18.900,0","19.000,0","18.900,0","272,28K","0,53%"
"10.08.2016","18.900,0","18.700,0","18.900,0","18.700,0","200,05K","0,00%"
"09.08.2016","18.900,0","18.800,0","18.980,0","18.800,0","296,86K","0,53%"
"08.08.2016","18.800,0","18.620,0","18.800,0","18.580,0","160,31K","1,08%"
"05.08.2016","18.600,0","18.600,0","18.680,0","18.500,0","73,21K","-0,53%"
"04.08.2016","18.700,0","18.500,0","18.800,0","18.500,0","95,40K","1,08%"
"03.08.2016","18.500,0","18.560,0","18.880,0","18.460,0","131,31K","-0,96%"
"02.08.2016","18.680,0","18.760,0","18.800,0","18.600,0","95,82K","0,32%"
"01.08.2016","18.620,0","18.400,0","18.840,0","18.200,0","204,43K","0,65%"
"29.07.2016","18.500,0","18.980,0","19.000,0","18.480,0","595,30K","-2,73%"
"28.07.2016","19.020,0","18.880,0","19.120,0","18.880,0","81,34K","-0,31%"
"27.07.2016","19.080,0","19.000,0","19.100,0","19.000,0","122,83K","0,95%"
"26.07.2016","18.900,0","18.800,0","18.980,0","18.800,0","43,65K","0,00%"
"25.07.2016","18.900,0","19.080,0","19.080,0","18.900,0","75,46K","-1,25%"
"22.07.2016","19.140,0","19.060,0","19.320,0","19.060,0","131,03K","0,53%"
"21.07.2016","19.040,0","19.280,0","19.400,0","19.040,0","111,94K","-2,36%"
"19.07.2016","19.500,0","19.420,0","19.600,0","19.400,0","451,52K","0,10%"
"18.07.2016","19.480,0","19.500,0","19.520,0","19.360,0","251,52K","-0,10%"
"15.07.2016","19.500,0","19.080,0","19.500,0","18.940,0","344,98K","2,20%"
"14.07.2016","19.080,0","18.880,0","19.100,0","18.840,0","388,44K","1,17%"
"13.07.2016","18.860,0","18.800,0","18.860,0","18.720,0","376,68K","0,32%"
"12.07.2016","18.800,0","18.740,0","18.840,0","18.720,0","313,53K","0,32%"
"11.07.2016","18.740,0","18.660,0","18.740,0","18.520,0","82,27K","0,86%"
"08.07.2016","18.580,0","18.780,0","18.780,0","18.580,0","85,29K","-0,11%"
"07.07.2016","18.600,0","18.780,0","18.780,0","18.600,0","190,26K","0,00%"
"06.07.2016","18.600,0","18.480,0","18.760,0","18.480,0","116,70K","0,54%"
"05.07.2016","18.500,0","18.500,0","18.700,0","18.500,0","59,47K","0,00%"
"01.07.2016","18.500,0","18.680,0","18.680,0","18.500,0","13,88K","0,00%"
"30.06.2016","18.500,0","18.220,0","18.780,0","18.220,0","204,71K","0,54%"
"29.06.2016","18.400,0","18.540,0","18.540,0","18.120,0","43,91K","0,88%"
"28.06.2016","18.240,0","18.540,0","18.600,0","18.220,0","127,92K","-0,76%"
"27.06.2016","18.380,0","18.360,0","18.600,0","18.320,0","56,91K","-1,39%"
"24.06.2016","18.640,0","18.000,0","18.640,0","18.000,0","522,44K","-0,11%"
"23.06.2016","18.660,0","18.800,0","18.860,0","18.660,0","171,97K","-0,64%"
"22.06.2016","18.780,0","18.420,0","18.980,0","18.420,0","489,40K","0,54%"
"21.06.2016","18.680,0","18.160,0","18.680,0","18.160,0","311,56K","2,64%"
"20.06.2016","18.200,0","18.100,0","18.300,0","18.100,0","151,31K","1,68%"
"17.06.2016","17.900,0","18.100,0","18.300,0","17.900,0","239,27K","-1,10%"
"16.06.2016","18.100,0","18.000,0","18.100,0","17.860,0","56,09K","0,22%"
"15.06.2016","18.060,0","18.160,0","18.300,0","17.960,0","542,70K","-0,55%"
"14.06.2016","18.160,0","18.280,0","18.400,0","18.040,0","144,97K","-0,66%"
"13.06.2016","18.280,0","18.620,0","18.620,0","18.240,0","37,15K","-0,33%"
"10.06.2016","18.340,0","18.500,0","18.680,0","18.340,0","142,97K","-1,40%"
"09.06.2016","18.600,0","18.600,0","18.780,0","18.500,0","206,35K","-0,53%"
"08.06.2016","18.700,0","18.140,0","18.700,0","18.140,0","297,42K","3,31%"
"07.06.2016","18.100,0","17.640,0","18.100,0","17.640,0","135,28K","1,80%"
"03.06.2016","17.780,0","18.000,0","18.000,0","17.600,0","96,63K","-0,78%"
"02.06.2016","17.920,0","17.600,0","18.180,0","17.600,0","145,31K","0,56%"
"01.06.2016","17.820,0","17.200,0","17.820,0","17.200,0","261,69K","3,13%"
"31.05.2016","17.280,0","17.960,0","17.960,0","17.000,0","712,55K","-1,26%"
"27.05.2016","17.500,0","17.540,0","17.760,0","17.500,0","133,08K","-0,23%"
"26.05.2016","17.540,0","17.900,0","17.980,0","17.500,0","271,92K","-0,90%"
"25.05.2016","17.700,0","18.000,0","18.000,0","17.700,0","114,45K","-1,67%"
"24.05.2016","18.000,0","18.000,0","18.040,0","17.960,0","100,38K","0,00%"
"23.05.2016","18.000,0","17.780,0","18.160,0","17.700,0","192,92K","1,24%"
"20.05.2016","17.780,0","17.740,0","17.860,0","17.740,0","65,18K","0,45%"
"19.05.2016","17.700,0","18.200,0","18.200,0","17.700,0","136,75K","-1,67%"
"18.05.2016","18.000,0","18.440,0","18.440,0","18.000,0","280,31K","-3,64%"
"17.05.2016","18.680,0","18.880,0","18.880,0","18.420,0","163,76K","-0,74%"
"16.05.2016","18.820,0","18.940,0","19.240,0","18.800,0","188,26K","0,64%"
"13.05.2016","18.700,0","18.440,0","18.980,0","18.220,0","174,48K","0,75%"
"12.05.2016","18.560,0","18.120,0","18.840,0","18.120,0","520,14K","2,54%"
"11.05.2016","18.100,0","17.720,0","18.700,0","17.700,0","307,53K","0,56%"
"10.05.2016","18.000,0","17.000,0","18.000,0","17.000,0","413,77K","4,65%"
"06.05.2016","17.200,0","17.780,0","17.780,0","17.160,0","204,43K","-1,94%"
"05.05.2016","17.540,0","18.240,0","18.240,0","17.540,0","98,87K","-2,56%"
"04.05.2016","18.000,0","18.180,0","18.240,0","17.800,0","145,12K","-0,99%"
"03.05.2016","18.180,0","18.520,0","19.020,0","18.180,0","112,48K","-4,52%"
"02.05.2016","19.040,0","19.200,0","19.200,0","18.800,0","145,38K","1,28%"
"29.04.2016","18.800,0","19.220,0","19.520,0","18.800,0","300,56K","-2,49%"
"28.04.2016","19.280,0","19.540,0","19.540,0","19.260,0","176,50K","-0,31%"
"27.04.2016","19.340,0","19.460,0","19.600,0","19.240,0","38,28K","-1,33%"
"26.04.2016","19.600,0","19.580,0","19.680,0","19.380,0","271,76K","1,14%"
"25.04.2016","19.380,0","19.680,0","19.680,0","19.260,0","409,12K","-1,62%"
"22.04.2016","19.700,0","19.800,0","19.820,0","19.700,0","120,50K","0,00%"
"21.04.2016","19.700,0","19.820,0","19.880,0","19.600,0","215,20K","-1,20%"
"20.04.2016","19.940,0","19.500,0","19.960,0","19.500,0","136,72K","1,73%"
"19.04.2016","19.600,0","19.480,0","19.800,0","19.480,0","97,75K","1,34%"
"18.04.2016","19.340,0","19.760,0","19.980,0","19.200,0","425,72K","-1,83%"
"15.04.2016","19.700,0","20.140,0","20.140,0","19.660,0","134,74K","-2,48%"
"14.04.2016","20.200,0","20.000,0","20.200,0","19.480,0","229,96K","1,30%"
"13.04.2016","19.940,0","20.500,0","20.680,0","19.940,0","282,26K","-2,73%"
"12.04.2016","20.500,0","19.800,0","20.500,0","19.800,0","189,08K","2,40%"
"11.04.2016","20.020,0","19.980,0","20.060,0","19.760,0","189,28K","0,20%"
"08.04.2016","19.980,0","19.840,0","20.160,0","19.600,0","544,33K","-0,79%"
"07.04.2016","20.140,0","20.000,0","20.180,0","19.920,0","87,41K","-0,20%"
"06.04.2016","20.180,0","20.200,0","20.400,0","19.820,0","430,62K","-0,10%"
"05.04.2016","20.200,0","20.900,0","21.100,0","20.200,0","239,78K","-3,35%"
"04.04.2016","20.900,0","19.560,0","21.000,0","19.560,0","481,93K","3,57%"
"01.04.2016","20.180,0","19.500,0","20.500,0","19.400,0","197,75K","0,60%"
"31.03.2016","20.060,0","19.500,0","20.060,0","19.240,0","1,00M","2,98%"
"30.03.2016","19.480,0","19.100,0","19.480,0","19.100,0","337,59K","0,72%"
"29.03.2016","19.340,0","18.680,0","19.340,0","18.680,0","362,93K","0,21%"
"28.03.2016","19.300,0","19.200,0","19.300,0","18.720,0","95,71K","-0,72%"
"23.03.2016","19.440,0","18.700,0","19.440,0","18.600,0","78,45K","2,32%"
"22.03.2016","19.000,0","18.880,0","19.000,0","18.320,0","430,60K","-3,46%"
"18.03.2016","19.680,0","18.100,0","19.680,0","18.100,0","1,64M","9,45%"
"17.03.2016","17.980,0","17.900,0","18.100,0","17.700,0","501,39K","0,45%"
"16.03.2016","17.900,0","17.700,0","17.900,0","17.560,0","234,59K","1,13%"
"15.03.2016","17.700,0","17.680,0","17.700,0","17.500,0","286,99K","0,11%"
"14.03.2016","17.680,0","17.220,0","17.680,0","17.200,0","73,38K","1,49%"
"11.03.2016","17.420,0","17.800,0","17.900,0","17.420,0","133,42K","-1,25%"
"10.03.2016","17.640,0","17.720,0","17.820,0","17.500,0","315,28K","-0,45%"
"09.03.2016","17.720,0","17.680,0","17.800,0","17.620,0","545,32K","0,11%"
"08.03.2016","17.700,0","17.980,0","18.100,0","17.600,0","213,54K","-2,21%"
"07.03.2016","18.100,0","17.720,0","18.380,0","17.720,0","102,43K","-0,55%"
"04.03.2016","18.200,0","18.400,0","18.420,0","18.000,0","317,45K","-1,09%"
"03.03.2016","18.400,0","17.700,0","18.760,0","17.700,0","348,90K","1,10%"
"02.03.2016","18.200,0","18.200,0","18.280,0","18.100,0","508,03K","0,22%"
"01.03.2016","18.160,0","18.000,0","18.180,0","17.960,0","343,47K","1,45%"
"29.02.2016","17.900,0","18.000,0","18.000,0","17.800,0","224,43K","0,67%"
"26.02.2016","17.780,0","18.000,0","18.200,0","17.780,0","389,55K","-0,78%"
"25.02.2016","17.920,0","17.700,0","18.040,0","17.700,0","472,67K","0,34%"
"24.02.2016","17.860,0","17.560,0","17.980,0","17.560,0","284,18K","0,79%"
"23.02.2016","17.720,0","17.620,0","17.900,0","17.620,0","191,01K","-1,34%"
"22.02.2016","17.960,0","18.000,0","18.000,0","17.800,0","123,73K","0,11%"
"19.02.2016","17.940,0","17.820,0","17.960,0","17.620,0","180,56K","0,34%"
"18.02.2016","17.880,0","18.100,0","18.100,0","17.760,0","411,79K","-0,11%"
"17.02.2016","17.900,0","17.160,0","17.900,0","17.160,0","272,09K","4,80%"
"16.02.2016","17.080,0","17.200,0","17.580,0","16.800,0","310,73K","-0,70%"
"15.02.2016","17.200,0","17.340,0","17.340,0","17.160,0","68,25K","-0,69%"
"12.02.2016","17.320,0","17.500,0","17.620,0","17.320,0","295,16K","-1,03%"
"11.02.2016","17.500,0","17.400,0","17.520,0","17.160,0","406,91K","-0,23%"
"10.02.2016","17.540,0","17.280,0","17.720,0","17.280,0","3,24M","0,80%"
"09.02.2016","17.400,0","17.100,0","17.500,0","17.100,0","272,71K","1,75%"
"08.02.2016","17.100,0","16.860,0","17.100,0","16.860,0","61,80K","0,59%"
"05.02.2016","17.000,0","17.000,0","17.000,0","16.800,0","100,08K","0,00%"
"04.02.2016","17.000,0","16.760,0","17.100,0","16.760,0","256,23K","1,43%"
"03.02.2016","16.760,0","16.540,0","16.760,0","16.380,0","166,41K","0,96%"
"02.02.2016","16.600,0","16.400,0","16.600,0","16.400,0","130,90K","-0,36%"
"01.02.2016","16.660,0","16.660,0","16.680,0","16.540,0","173,89K","-0,24%"
"29.01.2016","16.700,0","16.560,0","16.820,0","16.420,0","376,79K","1,83%"
"28.01.2016","16.400,0","16.200,0","16.460,0","16.200,0","269,60K","1,11%"
"27.01.2016","16.220,0","15.520,0","16.220,0","15.520,0","199,59K","1,38%"
"26.01.2016","16.000,0","15.600,0","16.080,0","15.600,0","243,43K","0,76%"
"25.01.2016","15.880,0","15.100,0","15.900,0","15.100,0","197,34K","0,13%"
"22.01.2016","15.860,0","15.800,0","16.020,0","15.800,0","279,12K","1,80%"
"21.01.2016","15.580,0","15.300,0","15.920,0","15.300,0","206,85K","1,83%"
"20.01.2016","15.300,0","14.920,0","15.400,0","14.620,0","218,41K","1,32%"
"19.01.2016","15.100,0","15.160,0","15.300,0","15.000,0","155,55K","0,80%"
"18.01.2016","14.980,0","15.400,0","15.500,0","14.980,0","120,71K","-2,73%"
"15.01.2016","15.400,0","15.920,0","15.920,0","15.400,0","148,87K","-4,82%"
"14.01.2016","16.180,0","15.780,0","16.180,0","15.400,0","548,96K","2,53%"
"13.01.2016","15.780,0","14.600,0","15.780,0","14.600,0","254,04K","1,81%"
"12.01.2016","15.500,0","14.520,0","15.500,0","14.520,0","145,38K","0,00%"
"08.01.2016","15.500,0","15.620,0","15.680,0","15.500,0","53,43K","-0,64%"
"07.01.2016","15.600,0","16.140,0","16.140,0","15.560,0","62,46K","-3,70%"
"06.01.2016","16.200,0","16.000,0","16.200,0","15.800,0","119,80K","0,00%"
"05.01.2016","16.200,0","15.800,0","16.200,0","15.800,0","60,89K","2,53%"
"04.01.2016","15.800,0","15.840,0","15.840,0","15.800,0","37,50K","-2,47%"